"comment_vote_id","vote_user_ip_hash","comment_id","vote_type","post_id","comment_vote_date_jst","comment_vote_date_utc"
"153579","c818ada76a4105711c6a4dbc90c3236d","7679","1","16248","2023-03-15 15:47:00+00","2023-03-15 15:47:00+00"
"153580","c818ada76a4105711c6a4dbc90c3236d","7676","1","16248","2023-03-15 15:47:12+00","2023-03-15 15:47:12+00"
"153587","693204bb710b9ae78f72dbd7070502c3","7680","1","16248","2023-03-15 16:01:06+00","2023-03-15 16:01:06+00"
"158860","7ca66cd69b3ab647533a09ec4603e2b4","17997","1","16248","2023-04-10 20:41:41+00","2023-04-10 20:41:41+00"
"184280","2baa3b69e0bbc9bb016237ed7d53ce51","7680","1","16248","2023-09-11 00:11:00+00","2023-09-11 00:11:00+00"
"184281","2baa3b69e0bbc9bb016237ed7d53ce51","7679","1","16248","2023-09-11 00:11:02+00","2023-09-11 00:11:02+00"
"184282","2baa3b69e0bbc9bb016237ed7d53ce51","7678","-1","16248","2023-09-11 00:11:03+00","2023-09-11 00:11:03+00"
"184283","2baa3b69e0bbc9bb016237ed7d53ce51","7677","1","16248","2023-09-11 00:11:07+00","2023-09-11 00:11:07+00"
"184284","2baa3b69e0bbc9bb016237ed7d53ce51","7676","1","16248","2023-09-11 00:11:11+00","2023-09-11 00:11:11+00"
"184285","2baa3b69e0bbc9bb016237ed7d53ce51","7675","-1","16248","2023-09-11 00:11:15+00","2023-09-11 00:11:15+00"
"184286","2baa3b69e0bbc9bb016237ed7d53ce51","7674","1","16248","2023-09-11 00:11:17+00","2023-09-11 00:11:17+00"
"184287","2baa3b69e0bbc9bb016237ed7d53ce51","7672","0","16248","2023-09-11 00:11:24+00","2023-09-11 00:11:24+00"
"197716","2370cf0699c63ce203610336219d35b6","7680","1","16248","2023-12-06 22:37:33+00","2023-12-06 22:37:33+00"
"197717","2370cf0699c63ce203610336219d35b6","7679","1","16248","2023-12-06 22:37:37+00","2023-12-06 22:37:37+00"
"149289","187758d5872c82e6ec4b911aaaad740c","7709","1","16268","2023-03-02 22:11:07+00","2023-03-02 22:11:07+00"
"180023","53b8cbb42ff6f4fa197b52ed886f102a","16991","1","16268","2023-08-25 14:18:13+00","2023-08-25 14:18:13+00"
"180024","53b8cbb42ff6f4fa197b52ed886f102a","7713","1","16268","2023-08-25 14:18:14+00","2023-08-25 14:18:14+00"
"180025","53b8cbb42ff6f4fa197b52ed886f102a","7712","1","16268","2023-08-25 14:18:16+00","2023-08-25 14:18:16+00"
"180026","53b8cbb42ff6f4fa197b52ed886f102a","7711","1","16268","2023-08-25 14:18:18+00","2023-08-25 14:18:18+00"
"180027","53b8cbb42ff6f4fa197b52ed886f102a","7710","1","16268","2023-08-25 14:18:20+00","2023-08-25 14:18:20+00"
"180028","53b8cbb42ff6f4fa197b52ed886f102a","7709","1","16268","2023-08-25 14:18:23+00","2023-08-25 14:18:23+00"
"180029","53b8cbb42ff6f4fa197b52ed886f102a","7708","1","16268","2023-08-25 14:18:29+00","2023-08-25 14:18:29+00"
"180030","53b8cbb42ff6f4fa197b52ed886f102a","7707","1","16268","2023-08-25 14:18:32+00","2023-08-25 14:18:32+00"
"180031","53b8cbb42ff6f4fa197b52ed886f102a","7706","1","16268","2023-08-25 14:18:34+00","2023-08-25 14:18:34+00"
"180032","53b8cbb42ff6f4fa197b52ed886f102a","7705","1","16268","2023-08-25 14:18:37+00","2023-08-25 14:18:37+00"
"180033","53b8cbb42ff6f4fa197b52ed886f102a","7704","1","16268","2023-08-25 14:18:38+00","2023-08-25 14:18:38+00"
"180034","53b8cbb42ff6f4fa197b52ed886f102a","7703","1","16268","2023-08-25 14:18:42+00","2023-08-25 14:18:42+00"
"196483","138adb796bfd50c211facb9b9490f565","23351","1","16268","2023-11-21 20:47:10+00","2023-11-21 20:47:10+00"
"154030","33f5212967f7b53716a978b014b62ef0","7829","1","16462","2023-03-16 22:02:19+00","2023-03-16 22:02:19+00"
"166247","341c9280914334e944c1085a0c703193","7829","1","16462","2023-06-07 08:39:01+00","2023-06-07 08:39:01+00"
"189366","a8322c1bd1d864e5b157d2d3f93e9f1b","23822","1","16462","2023-10-06 01:02:19+00","2023-10-06 01:02:19+00"
"189367","a8322c1bd1d864e5b157d2d3f93e9f1b","7831","1","16462","2023-10-06 01:02:22+00","2023-10-06 01:02:22+00"
"189368","a8322c1bd1d864e5b157d2d3f93e9f1b","7829","1","16462","2023-10-06 01:02:26+00","2023-10-06 01:02:26+00"
"151134","26b70919d10cc77e032cb4f2ea2c3b09","9045","1","17742","2023-03-06 17:26:06+00","2023-03-06 17:26:06+00"
"151135","26b70919d10cc77e032cb4f2ea2c3b09","9048","1","17742","2023-03-06 17:26:22+00","2023-03-06 17:26:22+00"
"151936","3b831b868ddff9233d00cdd27aebadf5","9054","-1","17742","2023-03-09 00:31:47+00","2023-03-09 00:31:47+00"
"151937","3b831b868ddff9233d00cdd27aebadf5","9053","1","17742","2023-03-09 00:31:54+00","2023-03-09 00:31:54+00"
"151938","3b831b868ddff9233d00cdd27aebadf5","9049","-1","17742","2023-03-09 00:32:03+00","2023-03-09 00:32:03+00"
"152005","509930f2bc8be145bbdce7c80e435d73","9046","1","17742","2023-03-09 09:08:13+00","2023-03-09 09:08:13+00"
"152981","e6b671ac85c3e298656fbfcb01e877d2","9054","1","17742","2023-03-12 14:31:11+00","2023-03-12 14:31:11+00"
"154015","6141b48654bc35e7d3a1ed1da7eca6f2","9054","-1","17742","2023-03-16 21:15:37+00","2023-03-16 21:15:37+00"
"154019","693204bb710b9ae78f72dbd7070502c3","9054","-1","17742","2023-03-16 21:19:25+00","2023-03-16 21:19:25+00"
"154020","693204bb710b9ae78f72dbd7070502c3","18084","-1","17742","2023-03-16 21:19:29+00","2023-03-16 21:19:29+00"
"154021","693204bb710b9ae78f72dbd7070502c3","9053","1","17742","2023-03-16 21:19:31+00","2023-03-16 21:19:31+00"
"154156","5489037f53d01977d12ef7237680eb40","9053","1","17742","2023-03-17 07:47:00+00","2023-03-17 07:47:00+00"
"154157","5489037f53d01977d12ef7237680eb40","9046","1","17742","2023-03-17 07:47:36+00","2023-03-17 07:47:36+00"
"155561","ffcd9519adcc7cf8334d8a47f3b3a775","9044","1","17742","2023-03-24 16:14:12+00","2023-03-24 16:14:12+00"
"155745","6916e95751ea4a7142eb6dd8f6e1704f","9053","1","17742","2023-03-25 12:50:58+00","2023-03-25 12:50:58+00"
"155756","b710916b36bed1d2d724c0162ee52690","9049","1","17742","2023-03-25 14:01:08+00","2023-03-25 14:01:08+00"
"155757","b710916b36bed1d2d724c0162ee52690","9048","1","17742","2023-03-25 14:01:20+00","2023-03-25 14:01:20+00"
"155758","b710916b36bed1d2d724c0162ee52690","9046","1","17742","2023-03-25 14:01:26+00","2023-03-25 14:01:26+00"
"155823","1f2f19c03f52ed9eed9074cca44f9215","9053","1","17742","2023-03-26 03:03:24+00","2023-03-26 03:03:24+00"
"155824","1f2f19c03f52ed9eed9074cca44f9215","9048","1","17742","2023-03-26 03:03:40+00","2023-03-26 03:03:40+00"
"155825","1f2f19c03f52ed9eed9074cca44f9215","9046","1","17742","2023-03-26 03:03:55+00","2023-03-26 03:03:55+00"
"157688","6c3bb9fec928f07e4d6008ecb8b0c193","18084","1","17742","2023-04-04 00:21:50+00","2023-04-04 00:21:50+00"
"157689","6c3bb9fec928f07e4d6008ecb8b0c193","9043","1","17742","2023-04-04 00:22:12+00","2023-04-04 00:22:12+00"
"158011","9bad33595f234279b043ade0233bae89","9053","1","17742","2023-04-05 12:10:17+00","2023-04-05 12:10:17+00"
"158488","069b82d99ad1888287ca9cc6b402c802","9049","-1","17742","2023-04-09 16:07:55+00","2023-04-09 16:07:55+00"
"160417","65245ca10d1bca2fb41861d01ecf44f4","9054","-1","17742","2023-04-17 12:08:45+00","2023-04-17 12:08:45+00"
"160516","28830a8e1003e74677be4bbe98ca150b","9054","1","17742","2023-04-17 18:47:28+00","2023-04-17 18:47:28+00"
"160517","28830a8e1003e74677be4bbe98ca150b","9053","1","17742","2023-04-17 18:47:31+00","2023-04-17 18:47:31+00"
"160518","28830a8e1003e74677be4bbe98ca150b","9050","-1","17742","2023-04-17 18:47:38+00","2023-04-17 18:47:38+00"
"160519","28830a8e1003e74677be4bbe98ca150b","9049","1","17742","2023-04-17 18:47:42+00","2023-04-17 18:47:42+00"
"160520","28830a8e1003e74677be4bbe98ca150b","9042","1","17742","2023-04-17 18:47:59+00","2023-04-17 18:47:59+00"
"160523","28830a8e1003e74677be4bbe98ca150b","9037","-1","17742","2023-04-17 18:48:10+00","2023-04-17 18:48:10+00"
"160524","28830a8e1003e74677be4bbe98ca150b","9038","-1","17742","2023-04-17 18:48:13+00","2023-04-17 18:48:13+00"
"161447","2b2642cf352f283f67ff81ec73a919da","9049","-1","17742","2023-04-24 00:40:16+00","2023-04-24 00:40:16+00"
"161632","98584fc5989bcd9384bccb8890dfe659","9048","1","17742","2023-04-26 23:52:26+00","2023-04-26 23:52:26+00"
"161633","652b898ec5eecdaa01fd10c86006e5a0","9043","1","17742","2023-04-26 23:52:40+00","2023-04-26 23:52:40+00"
"162886","2baa3b69e0bbc9bb016237ed7d53ce51","9053","1","17742","2023-05-10 01:20:12+00","2023-05-10 01:20:12+00"
"162939","3bc1daf1958a453797cc69e5af711b5d","9054","1","17742","2023-05-11 03:27:14+00","2023-05-11 03:27:14+00"
"162940","3bc1daf1958a453797cc69e5af711b5d","9048","1","17742","2023-05-11 03:27:23+00","2023-05-11 03:27:23+00"
"163317","0c588cd2aaf59711e91f44f3c8d01ccb","9053","1","17742","2023-05-17 01:25:15+00","2023-05-17 01:25:15+00"
"163318","0c588cd2aaf59711e91f44f3c8d01ccb","9048","1","17742","2023-05-17 01:25:35+00","2023-05-17 01:25:35+00"
"163319","0c588cd2aaf59711e91f44f3c8d01ccb","9046","1","17742","2023-05-17 01:25:38+00","2023-05-17 01:25:38+00"
"163503","03916736c1ea6a5e9c0799b0aa52987d","9053","1","17742","2023-05-17 22:10:10+00","2023-05-17 22:10:10+00"
"164333","c0e0a58e8d6e72574b9d91697fa3acfd","9046","1","17742","2023-05-23 17:52:41+00","2023-05-23 17:52:41+00"
"164590","186","18084","1","17742","2023-07-18 12:04:09+00","2023-07-18 12:04:09+00"
"165124","186","9054","1","17742","2023-07-18 12:04:11+00","2023-07-18 12:04:11+00"
"166211","db4485c9073a82496f3d23e85f55e07b","9054","1","17742","2023-06-06 20:58:51+00","2023-06-06 20:58:51+00"
"166212","db4485c9073a82496f3d23e85f55e07b","18084","1","17742","2023-06-06 20:58:53+00","2023-06-06 20:58:53+00"
"166354","2710cee69590ce6832d93d6ef832f918","9054","1","17742","2023-06-07 20:25:00+00","2023-06-07 20:25:00+00"
"166355","8f253eac7e9f66b5b4bfbdeb540e704b","9050","-1","17742","2023-06-07 20:25:10+00","2023-06-07 20:25:10+00"
"166356","8f253eac7e9f66b5b4bfbdeb540e704b","9049","1","17742","2023-06-07 20:25:18+00","2023-06-07 20:25:18+00"
"167262","46a659f884c0a67831ccc7c4e109a4aa","9054","-1","17742","2023-06-12 12:21:43+00","2023-06-12 12:21:43+00"
"167263","46a659f884c0a67831ccc7c4e109a4aa","9050","-1","17742","2023-06-12 12:21:53+00","2023-06-12 12:21:53+00"
"167264","46a659f884c0a67831ccc7c4e109a4aa","9049","-1","17742","2023-06-12 12:21:58+00","2023-06-12 12:21:58+00"
"167265","46a659f884c0a67831ccc7c4e109a4aa","9046","1","17742","2023-06-12 12:22:15+00","2023-06-12 12:22:15+00"
"168477","b018a1f42b1a3cc6e9a9f2e3e88ab224","18084","1","17742","2023-06-17 02:25:37+00","2023-06-17 02:25:37+00"
"168478","b018a1f42b1a3cc6e9a9f2e3e88ab224","9053","1","17742","2023-06-17 02:25:41+00","2023-06-17 02:25:41+00"
"168507","d0ea0df81263e07b97b48ba11bbba81a","9053","1","17742","2023-06-17 10:56:46+00","2023-06-17 10:56:46+00"
"168819","63982e4e6605635fea5a3cd7bd76ce2f","9050","-1","17742","2023-06-21 10:23:16+00","2023-06-21 10:23:16+00"
"168849","762c349a35a0e38089337ee65e470f25","17390","1","17742","2023-06-21 17:08:43+00","2023-06-21 17:08:43+00"
"169541","9a102fa7e42a92400ff60e20948f443d","9053","1","17742","2023-06-26 18:45:23+00","2023-06-26 18:45:23+00"
"174078","fa1909603201797612c79f2b73d10172","9039","1","17742","2023-07-17 13:57:04+00","2023-07-17 13:57:04+00"
"174268","186","9052","1","17742","2023-07-18 12:04:19+00","2023-07-18 12:04:19+00"
"174269","186","9050","-1","17742","2023-07-18 12:04:23+00","2023-07-18 12:04:23+00"
"176511","e5a9e65d41f0cc14510b56bc1fbd5d96","9050","1","17742","2023-07-25 13:54:52+00","2023-07-25 13:54:52+00"
"176513","e5a9e65d41f0cc14510b56bc1fbd5d96","9039","1","17742","2023-07-25 13:55:38+00","2023-07-25 13:55:38+00"
"176533","0e192989bdb345caa8b560b9e4836bec","17390","1","17742","2023-07-25 17:31:14+00","2023-07-25 17:31:14+00"
"176536","18f6e23aeef741d20cd9626cbcf01fdb","9053","1","17742","2023-07-25 17:32:14+00","2023-07-25 17:32:14+00"
"176537","18f6e23aeef741d20cd9626cbcf01fdb","9050","-1","17742","2023-07-25 17:32:17+00","2023-07-25 17:32:17+00"
"176538","18f6e23aeef741d20cd9626cbcf01fdb","22733","1","17742","2023-07-25 17:32:21+00","2023-07-25 17:32:21+00"
"176539","18f6e23aeef741d20cd9626cbcf01fdb","9037","1","17742","2023-07-25 17:34:00+00","2023-07-25 17:34:00+00"
"176590","7419445cff4ece8f6415e96961ac01fd","9049","1","17742","2023-07-25 20:22:23+00","2023-07-25 20:22:23+00"
"176677","cd8a79ab7e606aaa3b3488a723e2d94b","9050","-1","17742","2023-07-26 12:10:59+00","2023-07-26 12:10:59+00"
"176678","cd8a79ab7e606aaa3b3488a723e2d94b","9049","1","17742","2023-07-26 12:11:10+00","2023-07-26 12:11:10+00"
"176680","cd8a79ab7e606aaa3b3488a723e2d94b","9037","1","17742","2023-07-26 12:11:26+00","2023-07-26 12:11:26+00"
"176919","4052ba7611858a944cf47211ca0239f4","18084","1","17742","2023-07-27 20:15:39+00","2023-07-27 20:15:39+00"
"176920","4052ba7611858a944cf47211ca0239f4","9054","1","17742","2023-07-27 20:15:40+00","2023-07-27 20:15:40+00"
"176921","4052ba7611858a944cf47211ca0239f4","9053","1","17742","2023-07-27 20:15:43+00","2023-07-27 20:15:43+00"
"176922","4052ba7611858a944cf47211ca0239f4","22733","1","17742","2023-07-27 20:15:55+00","2023-07-27 20:15:55+00"
"176923","4052ba7611858a944cf47211ca0239f4","9050","-1","17742","2023-07-27 20:15:56+00","2023-07-27 20:15:56+00"
"177783","e5a16d6bdff9e61a43e1c4271040f9d6","9050","-1","17742","2023-08-04 10:00:15+00","2023-08-04 10:00:15+00"
"177784","e5a16d6bdff9e61a43e1c4271040f9d6","22733","1","17742","2023-08-04 10:00:17+00","2023-08-04 10:00:17+00"
"177790","ccf982b456b5fe834cee361e602e45d7","9054","-1","17742","2023-08-04 10:29:20+00","2023-08-04 10:29:20+00"
"177791","ccf982b456b5fe834cee361e602e45d7","9049","-1","17742","2023-08-04 10:29:37+00","2023-08-04 10:29:37+00"
"177792","ccf982b456b5fe834cee361e602e45d7","9053","1","17742","2023-08-04 10:31:14+00","2023-08-04 10:31:14+00"
"177821","481b7a46148026542d1dcbc9adbbe087","9053","1","17742","2023-08-04 15:48:47+00","2023-08-04 15:48:47+00"
"179385","bd629a68bb10a38f52be6b23057b50ae","9053","1","17742","2023-08-19 13:28:26+00","2023-08-19 13:28:26+00"
"179576","0d8a0e57319d98ffacce53d2cb228a1e","9053","1","17742","2023-08-20 17:47:09+00","2023-08-20 17:47:09+00"
"180460","2e7eadc50181ff4de08ea3ce1a97911f","9053","1","17742","2023-08-29 09:04:21+00","2023-08-29 09:04:21+00"
"181359","33940ecb09a7d763eb5db9a66f406116","22733","1","17742","2023-08-31 23:35:05+00","2023-08-31 23:35:05+00"
"183297","a64c51f92443d08006ade38f1d573e3f","9050","-1","17742","2023-09-07 14:37:58+00","2023-09-07 14:37:58+00"
"183515","7a25b67a23b9e26245e2437bdca6a364","18084","1","17742","2023-09-08 01:49:46+00","2023-09-08 01:49:46+00"
"183516","7a25b67a23b9e26245e2437bdca6a364","9048","1","17742","2023-09-08 01:50:20+00","2023-09-08 01:50:20+00"
"183517","7a25b67a23b9e26245e2437bdca6a364","9044","1","17742","2023-09-08 01:50:35+00","2023-09-08 01:50:35+00"
"183713","6a6fa3f8685473479ee7c17def0d3a18","9053","1","17742","2023-09-08 16:31:05+00","2023-09-08 16:31:05+00"
"183722","98386b71972e863a596f1e5c7d77df64","9039","1","17742","2023-09-08 17:05:07+00","2023-09-08 17:05:07+00"
"183909","7c7bd5d56d3da43547523ebdd2659505","9053","1","17742","2023-09-09 10:39:14+00","2023-09-09 10:39:14+00"
"183910","7c7bd5d56d3da43547523ebdd2659505","9050","-1","17742","2023-09-09 10:39:22+00","2023-09-09 10:39:22+00"
"183911","7c7bd5d56d3da43547523ebdd2659505","22733","1","17742","2023-09-09 10:39:35+00","2023-09-09 10:39:35+00"
"185314","282566b7c400c1e48e759f736c51d3c9","22733","1","17742","2023-09-15 07:36:41+00","2023-09-15 07:36:41+00"
"185315","282566b7c400c1e48e759f736c51d3c9","9050","-1","17742","2023-09-15 07:36:43+00","2023-09-15 07:36:43+00"
"185316","282566b7c400c1e48e759f736c51d3c9","9053","1","17742","2023-09-15 07:36:46+00","2023-09-15 07:36:46+00"
"185317","282566b7c400c1e48e759f736c51d3c9","9054","-1","17742","2023-09-15 07:36:48+00","2023-09-15 07:36:48+00"
"185318","282566b7c400c1e48e759f736c51d3c9","9049","-1","17742","2023-09-15 07:36:53+00","2023-09-15 07:36:53+00"
"185319","282566b7c400c1e48e759f736c51d3c9","17390","1","17742","2023-09-15 07:37:08+00","2023-09-15 07:37:08+00"
"186238","e3020ea03971d90c0de93000a8f1192a","22733","1","17742","2023-09-23 14:49:06+00","2023-09-23 14:49:06+00"
"187241","358d05c1707bd2efb4dcc256a825f5cc","9053","1","17742","2023-09-25 03:05:00+00","2023-09-25 03:05:00+00"
"187781","028826d77c95ee849b77c146bc0fede1","9053","1","17742","2023-09-27 13:00:40+00","2023-09-27 13:00:40+00"
"188557","ec239b1e0d0fcd9bb228a2a4dd4fc626","9043","1","17742","2023-10-02 16:39:14+00","2023-10-02 16:39:14+00"
"188620","52de0b54fbd46c8149344fc3a0c5b864","9053","1","17742","2023-10-03 08:00:02+00","2023-10-03 08:00:02+00"
"190057","8bf67b222ef1483963fc618228d64d6c","22733","1","17742","2023-10-10 20:13:20+00","2023-10-10 20:13:20+00"
"190058","8bf67b222ef1483963fc618228d64d6c","9050","-1","17742","2023-10-10 20:13:33+00","2023-10-10 20:13:33+00"
"190084","10795ccf5944e2d34cbcae63f3aa1caf","22733","1","17742","2023-10-11 02:04:44+00","2023-10-11 02:04:44+00"
"190849","7e6ac47db625ff9eb6e2857df6a3d653","9053","1","17742","2023-10-16 09:56:45+00","2023-10-16 09:56:45+00"
"191110","6c55200bab279923a5c65714eb9f2ab6","9054","-1","17742","2023-10-19 02:50:24+00","2023-10-19 02:50:24+00"
"191111","6c55200bab279923a5c65714eb9f2ab6","22733","1","17742","2023-10-19 02:50:43+00","2023-10-19 02:50:43+00"
"191112","6c55200bab279923a5c65714eb9f2ab6","9050","-1","17742","2023-10-19 02:50:43+00","2023-10-19 02:50:43+00"
"192134","469dbc0d4e6c5e80431d354b28b3797d","18084","1","17742","2023-10-26 10:18:46+00","2023-10-26 10:18:46+00"
"192439","d77938d63edcc4564b458954adc4e7b5","9053","1","17742","2023-10-29 09:36:13+00","2023-10-29 09:36:13+00"
"192440","d77938d63edcc4564b458954adc4e7b5","9050","-1","17742","2023-10-29 09:36:28+00","2023-10-29 09:36:28+00"
"192441","d77938d63edcc4564b458954adc4e7b5","22733","1","17742","2023-10-29 09:36:40+00","2023-10-29 09:36:40+00"
"192442","d77938d63edcc4564b458954adc4e7b5","9046","1","17742","2023-10-29 09:37:20+00","2023-10-29 09:37:20+00"
"192809","61094b6379eb60d295910eb1ced70fee","22733","1","17742","2023-10-30 15:25:18+00","2023-10-30 15:25:18+00"
"194100","53e5875d974b019daff40282de6d5e43","9050","-1","17742","2023-11-05 21:04:10+00","2023-11-05 21:04:10+00"
"194169","3b5cf8473bcf991b583cfb0d91376ad2","18084","1","17742","2023-11-06 01:52:11+00","2023-11-06 01:52:11+00"
"194170","3b5cf8473bcf991b583cfb0d91376ad2","9053","1","17742","2023-11-06 01:52:12+00","2023-11-06 01:52:12+00"
"194171","3b5cf8473bcf991b583cfb0d91376ad2","9050","-1","17742","2023-11-06 01:53:00+00","2023-11-06 01:53:00+00"
"194172","3b5cf8473bcf991b583cfb0d91376ad2","22733","1","17742","2023-11-06 01:53:04+00","2023-11-06 01:53:04+00"
"194173","3b5cf8473bcf991b583cfb0d91376ad2","9048","1","17742","2023-11-06 01:53:23+00","2023-11-06 01:53:23+00"
"194174","3b5cf8473bcf991b583cfb0d91376ad2","9046","1","17742","2023-11-06 01:53:26+00","2023-11-06 01:53:26+00"
"194261","a383c320a89acfeffce3443768f4f245","9052","1","17742","2023-11-06 19:52:07+00","2023-11-06 19:52:07+00"
"194262","a383c320a89acfeffce3443768f4f245","9053","1","17742","2023-11-06 19:52:10+00","2023-11-06 19:52:10+00"
"194609","1fb4ebbdb20eca2c8c177bc72fdbf528","9054","1","17742","2023-11-10 16:07:47+00","2023-11-10 16:07:47+00"
"195250","8eb86826e948c3d6e4baf8a83d2bde41","9053","1","17742","2023-11-15 13:56:01+00","2023-11-15 13:56:01+00"
"196719","2e4d9f94990b4a73948dcd3c934f77e7","22733","1","17742","2023-11-24 11:32:39+00","2023-11-24 11:32:39+00"
"197365","807561b2de3b8c1de1661a987e80ce49","9053","1","17742","2023-12-01 23:48:22+00","2023-12-01 23:48:22+00"
"197366","807561b2de3b8c1de1661a987e80ce49","22733","1","17742","2023-12-01 23:48:42+00","2023-12-01 23:48:42+00"
"197367","807561b2de3b8c1de1661a987e80ce49","9050","-1","17742","2023-12-01 23:48:47+00","2023-12-01 23:48:47+00"
"197437","1e9e4ac4e90cbfb9af6a6c9ca86fe0bd","9053","1","17742","2023-12-03 02:34:00+00","2023-12-03 02:34:00+00"
"197892","8c61e285ff8f85edeaa16fd75fbb8d59","9054","-1","17742","2023-12-08 15:20:38+00","2023-12-08 15:20:38+00"
"197893","8c61e285ff8f85edeaa16fd75fbb8d59","9053","1","17742","2023-12-08 15:20:41+00","2023-12-08 15:20:41+00"
"197894","8c61e285ff8f85edeaa16fd75fbb8d59","9050","-1","17742","2023-12-08 15:20:46+00","2023-12-08 15:20:46+00"
"197895","8c61e285ff8f85edeaa16fd75fbb8d59","22733","1","17742","2023-12-08 15:20:48+00","2023-12-08 15:20:48+00"
"197896","8c61e285ff8f85edeaa16fd75fbb8d59","9049","-1","17742","2023-12-08 15:20:52+00","2023-12-08 15:20:52+00"
"197897","8c61e285ff8f85edeaa16fd75fbb8d59","9046","1","17742","2023-12-08 15:21:02+00","2023-12-08 15:21:02+00"
"198012","65200fee55d21cc668a8ff56f34b9153","22733","1","17742","2023-12-10 13:43:49+00","2023-12-10 13:43:49+00"
"198013","65200fee55d21cc668a8ff56f34b9153","9050","-1","17742","2023-12-10 13:43:59+00","2023-12-10 13:43:59+00"
"198276","8c95e751e17f080c89ddd0de521319e6","9050","-1","17742","2023-12-11 19:49:32+00","2023-12-11 19:49:32+00"
"198292","1801ec561a6d41e683374d523483b997","9050","-1","17742","2023-12-11 20:14:23+00","2023-12-11 20:14:23+00"
"198388","aa549f733a942a7bcb8f7f48cb35ab4d","22733","1","17742","2023-12-11 22:33:18+00","2023-12-11 22:33:18+00"
"198609","f09d290a2e95791242cee70766b1d0fa","9053","1","17742","2023-12-12 11:37:42+00","2023-12-12 11:37:42+00"
"198783","7642b3992fb147c608b024a2a78b56b2","9050","-1","17742","2023-12-12 23:11:29+00","2023-12-12 23:11:29+00"
"199350","398df1639497fc33724c3b0e099c5942","9050","-1","17742","2023-12-14 12:51:59+00","2023-12-14 12:51:59+00"
"199351","eda270e51ff0dff00266158ab0d0b8ae","18084","1","17742","2023-12-14 12:53:06+00","2023-12-14 12:53:06+00"
"199352","eda270e51ff0dff00266158ab0d0b8ae","9053","1","17742","2023-12-14 12:53:17+00","2023-12-14 12:53:17+00"
"199651","bbfee93f211a7d1fbaee4e986d9ddba6","9046","1","17742","2023-12-15 12:37:01+00","2023-12-15 12:37:01+00"
"199652","bbfee93f211a7d1fbaee4e986d9ddba6","9043","1","17742","2023-12-15 12:37:12+00","2023-12-15 12:37:12+00"
"199996","0c7fac181969b97839239f13fefbee94","9053","1","17742","2023-12-16 03:15:38+00","2023-12-16 03:15:38+00"
"200006","d69639429eea4ec7fae39df5b981261d","9054","-1","17742","2023-12-16 03:41:32+00","2023-12-16 03:41:32+00"
"200007","d69639429eea4ec7fae39df5b981261d","9053","1","17742","2023-12-16 03:43:14+00","2023-12-16 03:43:14+00"
"200034","b51e80b19e86804667579fdde992136a","9040","1","17742","2023-12-16 07:19:33+00","2023-12-16 07:19:33+00"
"200100","8fc3efc45fb00e3a9f9e15de1536ba8c","9050","-1","17742","2023-12-16 13:58:10+00","2023-12-16 13:58:10+00"
"200305","424442daa6c0b1f38dd9d2f6ab6b9279","9053","1","17742","2023-12-17 01:28:10+00","2023-12-17 01:28:10+00"
"200306","424442daa6c0b1f38dd9d2f6ab6b9279","9050","-1","17742","2023-12-17 01:28:14+00","2023-12-17 01:28:14+00"
"200307","424442daa6c0b1f38dd9d2f6ab6b9279","22733","1","17742","2023-12-17 01:28:27+00","2023-12-17 01:28:27+00"
"200781","dca23476a154f6386be0ffe896cb238f","9053","-1","17742","2023-12-17 17:33:09+00","2023-12-17 17:33:09+00"
"201298","24069941f2bc56555077c03970a7c97b","18084","1","17742","2023-12-19 02:35:54+00","2023-12-19 02:35:54+00"
"201329","f88406a3d62be854aa92e5521a4a948b","9053","1","17742","2023-12-19 07:45:20+00","2023-12-19 07:45:20+00"
"201330","f88406a3d62be854aa92e5521a4a948b","9046","1","17742","2023-12-19 07:46:05+00","2023-12-19 07:46:05+00"
"201474","c8227b9fd0ef769d3135eec3d24da451","9053","1","17742","2023-12-19 15:10:38+00","2023-12-19 15:10:38+00"
"201759","922dc447ca5c8273fa20f9ec3a0be729","9050","-1","17742","2023-12-20 02:19:57+00","2023-12-20 02:19:57+00"
"201760","922dc447ca5c8273fa20f9ec3a0be729","9049","1","17742","2023-12-20 02:20:23+00","2023-12-20 02:20:23+00"
"202023","a7c41786eaf54a72262ee775aa63f9b7","9053","1","17742","2023-12-20 13:11:59+00","2023-12-20 13:11:59+00"
"202024","a7c41786eaf54a72262ee775aa63f9b7","22733","1","17742","2023-12-20 13:12:05+00","2023-12-20 13:12:05+00"
"202025","a7c41786eaf54a72262ee775aa63f9b7","17390","1","17742","2023-12-20 13:12:13+00","2023-12-20 13:12:13+00"
"202026","a7c41786eaf54a72262ee775aa63f9b7","9048","1","17742","2023-12-20 13:12:17+00","2023-12-20 13:12:17+00"
"202027","a7c41786eaf54a72262ee775aa63f9b7","9046","1","17742","2023-12-20 13:12:21+00","2023-12-20 13:12:21+00"
"202485","e2f66e0fbeb3011e5976733814232ead","9050","-1","17742","2023-12-20 23:09:50+00","2023-12-20 23:09:50+00"
"202541","e1449e63afcce75d1c821abc5fc2fd16","9053","1","17742","2023-12-20 23:53:40+00","2023-12-20 23:53:40+00"
"203074","82652090bbf97387717c2c7b16ef151d","9053","1","17742","2023-12-22 02:43:13+00","2023-12-22 02:43:13+00"
"203109","1408852585a541b3a4ff589b0cccc526","9053","1","17742","2023-12-22 04:46:58+00","2023-12-22 04:46:58+00"
"203711","daa5def1113f8777523805031a13ce94","9053","1","17742","2023-12-26 10:41:44+00","2023-12-26 10:41:44+00"
"204186","030b4a2fa86eb61c7b63e42190b457ae","9054","-1","17742","2023-12-29 06:58:09+00","2023-12-29 06:58:09+00"
"204187","030b4a2fa86eb61c7b63e42190b457ae","9049","-1","17742","2023-12-29 06:59:25+00","2023-12-29 06:59:25+00"
"204600","e50b9700b695fd699982ef9014793621","9050","-1","17742","2024-01-01 23:03:45+00","2024-01-01 23:03:45+00"
"206156","434873bc9071b5adceb08c9395f5d04b","9050","-1","17742","2024-01-09 23:20:41+00","2024-01-09 23:20:41+00"
"206179","fbe32148f637dc854b5997bc257e032c","9053","1","17742","2024-01-10 02:45:38+00","2024-01-10 02:45:38+00"
"206773","fe87af54ce89242b86665613b84ecb4b","9050","-1","17742","2024-01-13 08:29:09+00","2024-01-13 08:29:09+00"
"206774","fe87af54ce89242b86665613b84ecb4b","22733","1","17742","2024-01-13 08:29:11+00","2024-01-13 08:29:11+00"
"206775","fe87af54ce89242b86665613b84ecb4b","17390","1","17742","2024-01-13 08:29:19+00","2024-01-13 08:29:19+00"
"208101","6b49e2a7d71f8d1d2514c605d888e8a1","18084","1","17742","2024-01-19 04:48:51+00","2024-01-19 04:48:51+00"
"208102","6b49e2a7d71f8d1d2514c605d888e8a1","9053","1","17742","2024-01-19 04:48:54+00","2024-01-19 04:48:54+00"
"208103","6b49e2a7d71f8d1d2514c605d888e8a1","9052","1","17742","2024-01-19 04:48:57+00","2024-01-19 04:48:57+00"
"208104","6b49e2a7d71f8d1d2514c605d888e8a1","22733","1","17742","2024-01-19 04:49:00+00","2024-01-19 04:49:00+00"
"208105","6b49e2a7d71f8d1d2514c605d888e8a1","9048","1","17742","2024-01-19 04:49:09+00","2024-01-19 04:49:09+00"
"208106","6b49e2a7d71f8d1d2514c605d888e8a1","9046","1","17742","2024-01-19 04:49:15+00","2024-01-19 04:49:15+00"
"208107","6b49e2a7d71f8d1d2514c605d888e8a1","9039","1","17742","2024-01-19 04:49:22+00","2024-01-19 04:49:22+00"
"208670","fa974c682a667725643145a3fadd558e","9045","1","17742","2024-01-22 16:29:32+00","2024-01-22 16:29:32+00"
"208782","d03733ad9f79bb625ede4e11d69b35d2","9048","1","17742","2024-01-23 01:58:32+00","2024-01-23 01:58:32+00"
"209620","710b2e008c298ce2ad3462acb1fddadd","9054","1","17742","2024-01-26 01:46:02+00","2024-01-26 01:46:02+00"
"209621","710b2e008c298ce2ad3462acb1fddadd","9053","1","17742","2024-01-26 01:46:10+00","2024-01-26 01:46:10+00"
"209622","710b2e008c298ce2ad3462acb1fddadd","9050","-1","17742","2024-01-26 01:46:13+00","2024-01-26 01:46:13+00"
"209623","710b2e008c298ce2ad3462acb1fddadd","22733","1","17742","2024-01-26 01:46:20+00","2024-01-26 01:46:20+00"
"209624","710b2e008c298ce2ad3462acb1fddadd","9049","1","17742","2024-01-26 01:46:29+00","2024-01-26 01:46:29+00"
"209625","710b2e008c298ce2ad3462acb1fddadd","17390","1","17742","2024-01-26 01:46:40+00","2024-01-26 01:46:40+00"
"209626","710b2e008c298ce2ad3462acb1fddadd","21127","1","17742","2024-01-26 01:46:41+00","2024-01-26 01:46:41+00"
"209823","b87450cd31a883b22a064b0e7ce11b7c","9053","1","17742","2024-01-27 07:59:56+00","2024-01-27 07:59:56+00"
"209824","b87450cd31a883b22a064b0e7ce11b7c","22733","1","17742","2024-01-27 08:00:12+00","2024-01-27 08:00:12+00"
"209825","b87450cd31a883b22a064b0e7ce11b7c","9046","1","17742","2024-01-27 08:00:26+00","2024-01-27 08:00:26+00"
"210606","7f6f8e687a8beeb90061ca4046c7e794","9053","1","17742","2024-01-31 11:01:47+00","2024-01-31 11:01:47+00"
"211093","f63df4d3f12adb67a1d11a70e8820b1c","9053","1","17742","2024-02-02 22:17:05+00","2024-02-02 22:17:05+00"
"211094","f63df4d3f12adb67a1d11a70e8820b1c","9046","1","17742","2024-02-02 22:17:25+00","2024-02-02 22:17:25+00"
"211740","13ba13947cf8918f9e53ac51dab12bca","9052","1","17742","2024-02-08 15:37:07+00","2024-02-08 15:37:07+00"
"211741","13ba13947cf8918f9e53ac51dab12bca","9053","1","17742","2024-02-08 15:37:15+00","2024-02-08 15:37:15+00"
"211742","13ba13947cf8918f9e53ac51dab12bca","9054","1","17742","2024-02-08 15:37:17+00","2024-02-08 15:37:17+00"
"212012","17fda26e500a3ad346d4662bcbaf67f4","17390","1","17742","2024-02-11 22:55:06+00","2024-02-11 22:55:06+00"
"213028","fa39984369612d5a00f4c12bc8be5e66","22733","1","17742","2024-02-17 16:17:17+00","2024-02-17 16:17:17+00"
"213372","bb29bb0428edfd01f821123341390e48","9053","-1","17742","2024-02-21 16:57:48+00","2024-02-21 16:57:48+00"
"214539","345b27fdf5ba8ee1fdc21fbe85af588d","9050","-1","17742","2024-03-05 16:26:35+00","2024-03-05 16:26:35+00"
"214540","345b27fdf5ba8ee1fdc21fbe85af588d","22733","1","17742","2024-03-05 16:26:37+00","2024-03-05 16:26:37+00"
"214783","f43c1fb5f07dbeff2cbf4eb310ce4d18","9053","1","17742","2024-03-08 13:06:31+00","2024-03-08 13:06:31+00"
"214967","991434f93f85b63b6eef7c42e8b0c13a","22733","1","17742","2024-03-08 20:48:03+00","2024-03-08 20:48:03+00"
"214968","991434f93f85b63b6eef7c42e8b0c13a","9050","-1","17742","2024-03-08 20:48:06+00","2024-03-08 20:48:06+00"
"215592","c8d78bdb8a4fd2e1506ad77b4950ac9a","9053","1","17742","2024-03-10 09:12:42+00","2024-03-10 09:12:42+00"
"215593","c8d78bdb8a4fd2e1506ad77b4950ac9a","9048","1","17742","2024-03-10 09:13:00+00","2024-03-10 09:13:00+00"
"215594","7642b3992fb147c608b024a2a78b56b2","22733","1","17742","2024-03-10 09:29:30+00","2024-03-10 09:29:30+00"
"215605","7c05d986a660c0eaede037e98e646d8c","22733","1","17742","2024-03-10 12:10:59+00","2024-03-10 12:10:59+00"
"215980","89c0dc2fe16ec2294e0a3baf2c058c73","22733","1","17742","2024-03-12 07:58:35+00","2024-03-12 07:58:35+00"
"215996","adb53a330293826c1da49dba8b148566","17390","1","17742","2024-03-12 11:23:26+00","2024-03-12 11:23:26+00"
"216305","52cefbe475559da1f45a4b1f2ce41b69","9053","1","17742","2024-03-14 20:46:55+00","2024-03-14 20:46:55+00"
"216555","e81ec363002cc452afe50f141617bc25","9050","-1","17742","2024-03-16 16:24:43+00","2024-03-16 16:24:43+00"
"216905","a623a2ecaf7609fd18c2b5032b5fc1d9","9053","1","17742","2024-03-20 20:58:24+00","2024-03-20 20:58:24+00"
"216906","a623a2ecaf7609fd18c2b5032b5fc1d9","9050","-1","17742","2024-03-20 20:58:28+00","2024-03-20 20:58:28+00"
"216907","a623a2ecaf7609fd18c2b5032b5fc1d9","22733","1","17742","2024-03-20 20:58:30+00","2024-03-20 20:58:30+00"
"216908","a623a2ecaf7609fd18c2b5032b5fc1d9","17390","1","17742","2024-03-20 20:58:34+00","2024-03-20 20:58:34+00"
"216909","a623a2ecaf7609fd18c2b5032b5fc1d9","9048","1","17742","2024-03-20 20:58:38+00","2024-03-20 20:58:38+00"
"216910","a623a2ecaf7609fd18c2b5032b5fc1d9","9046","1","17742","2024-03-20 20:58:43+00","2024-03-20 20:58:43+00"
"217351","055ca7d0a167a9686f65c767ea9a797d","9053","1","17742","2024-03-27 08:42:54+00","2024-03-27 08:42:54+00"
"217867","35ccd3bc5c75124e558cf82f23245585","9053","1","17742","2024-03-31 16:20:10+00","2024-03-31 16:20:10+00"
"217868","35ccd3bc5c75124e558cf82f23245585","22733","1","17742","2024-03-31 16:20:24+00","2024-03-31 16:20:24+00"
"218062","2475b149ef745a2658af78968a2ae238","9050","-1","17742","2024-04-02 18:49:19+00","2024-04-02 18:49:19+00"
"145766","c15708587d3ca58506951c243082576f","9694","1","18352","2023-02-24 18:35:24+00","2023-02-24 18:35:24+00"
"145767","c15708587d3ca58506951c243082576f","16232","1","18352","2023-02-24 18:35:26+00","2023-02-24 18:35:26+00"
"145809","17fda26e500a3ad346d4662bcbaf67f4","12909","1","23262","2023-02-24 22:58:23+00","2023-02-24 22:58:23+00"
"145810","17fda26e500a3ad346d4662bcbaf67f4","12907","1","23262","2023-02-24 22:58:33+00","2023-02-24 22:58:33+00"
"145811","17fda26e500a3ad346d4662bcbaf67f4","12906","1","23262","2023-02-24 22:58:39+00","2023-02-24 22:58:39+00"
"145812","17fda26e500a3ad346d4662bcbaf67f4","12896","1","23262","2023-02-24 22:58:51+00","2023-02-24 22:58:51+00"
"146061","64bbc61420d1cc4e43aa5ddeab0fcb71","12888","1","23262","2023-02-25 13:21:31+00","2023-02-25 13:21:31+00"
"151149","c15708587d3ca58506951c243082576f","12893","1","23262","2023-03-06 18:59:45+00","2023-03-06 18:59:45+00"
"153354","8abb99aeef695ff6560b7ba66f608cab","12889","1","23262","2023-03-14 15:20:27+00","2023-03-14 15:20:27+00"
"153593","bfbaf27805be54cc8380e4088d867c0f","12888","1","23262","2023-03-15 16:22:06+00","2023-03-15 16:22:06+00"
"153736","e76524338a78cf8a2e107b267f55070d","12908","1","23262","2023-03-16 05:27:53+00","2023-03-16 05:27:53+00"
"153737","e76524338a78cf8a2e107b267f55070d","12907","1","23262","2023-03-16 05:28:02+00","2023-03-16 05:28:02+00"
"153738","e76524338a78cf8a2e107b267f55070d","12905","1","23262","2023-03-16 05:28:15+00","2023-03-16 05:28:15+00"
"153739","e76524338a78cf8a2e107b267f55070d","12902","1","23262","2023-03-16 05:28:31+00","2023-03-16 05:28:31+00"
"153740","e76524338a78cf8a2e107b267f55070d","12898","1","23262","2023-03-16 05:28:47+00","2023-03-16 05:28:47+00"
"153741","e76524338a78cf8a2e107b267f55070d","12893","1","23262","2023-03-16 05:29:21+00","2023-03-16 05:29:21+00"
"153742","e76524338a78cf8a2e107b267f55070d","12888","1","23262","2023-03-16 05:29:42+00","2023-03-16 05:29:42+00"
"153743","e76524338a78cf8a2e107b267f55070d","12878","1","23262","2023-03-16 05:30:14+00","2023-03-16 05:30:14+00"
"155883","47a05ddeaaa6292017e2f1e2930cb5a6","12907","1","23262","2023-03-26 13:04:33+00","2023-03-26 13:04:33+00"
"155884","47a05ddeaaa6292017e2f1e2930cb5a6","12905","-1","23262","2023-03-26 13:04:59+00","2023-03-26 13:04:59+00"
"155885","47a05ddeaaa6292017e2f1e2930cb5a6","12893","1","23262","2023-03-26 13:05:46+00","2023-03-26 13:05:46+00"
"155886","47a05ddeaaa6292017e2f1e2930cb5a6","12888","1","23262","2023-03-26 13:05:55+00","2023-03-26 13:05:55+00"
"157342","3044633f20502cecfef7dff9bf9ac6d3","12907","1","23262","2023-04-02 21:04:57+00","2023-04-02 21:04:57+00"
"157343","3044633f20502cecfef7dff9bf9ac6d3","12893","1","23262","2023-04-02 21:06:03+00","2023-04-02 21:06:03+00"
"157344","3044633f20502cecfef7dff9bf9ac6d3","12888","1","23262","2023-04-02 21:06:20+00","2023-04-02 21:06:20+00"
"157357","733f6adc858ef895586b78b1cf032641","12907","1","23262","2023-04-02 22:01:35+00","2023-04-02 22:01:35+00"
"157361","72d632c3ae21a04297e839e39476f8a9","12906","-1","23262","2023-04-02 22:12:05+00","2023-04-02 22:12:05+00"
"157362","72d632c3ae21a04297e839e39476f8a9","12905","-1","23262","2023-04-02 22:12:15+00","2023-04-02 22:12:15+00"
"157363","72d632c3ae21a04297e839e39476f8a9","12896","-1","23262","2023-04-02 22:12:35+00","2023-04-02 22:12:35+00"
"157366","30c3e229558825acdae81504ef335c9e","12907","1","23262","2023-04-02 22:22:50+00","2023-04-02 22:22:50+00"
"157367","30c3e229558825acdae81504ef335c9e","12889","1","23262","2023-04-02 22:23:16+00","2023-04-02 22:23:16+00"
"157407","be04a9beb54178b1867bb5a77752a6ef","12898","1","23262","2023-04-03 00:12:28+00","2023-04-03 00:12:28+00"
"157408","be04a9beb54178b1867bb5a77752a6ef","12893","1","23262","2023-04-03 00:12:52+00","2023-04-03 00:12:52+00"
"157417","8f688241dcafc339cc6fe43f8622b052","12888","-1","23262","2023-04-03 00:28:39+00","2023-04-03 00:28:39+00"
"157483","16a62dc3893c634d6ead0a1994ac7e9b","12889","1","23262","2023-04-03 10:09:36+00","2023-04-03 10:09:36+00"
"157568","8fab71bb4afdfcc22030120a701775d0","12893","1","23262","2023-04-03 15:14:34+00","2023-04-03 15:14:34+00"
"158306","ab55c42f1de90818196c67abe9824665","12905","-1","23262","2023-04-07 19:16:47+00","2023-04-07 19:16:47+00"
"159105","9b9f7ad92cf15762b977ec25dcc0b0f4","12907","1","23262","2023-04-11 12:35:03+00","2023-04-11 12:35:03+00"
"159106","9b9f7ad92cf15762b977ec25dcc0b0f4","12905","-1","23262","2023-04-11 12:35:07+00","2023-04-11 12:35:07+00"
"159107","9b9f7ad92cf15762b977ec25dcc0b0f4","12888","1","23262","2023-04-11 12:35:29+00","2023-04-11 12:35:29+00"
"159356","ecd72680526967e016df2711183470ba","12907","1","23262","2023-04-12 07:58:43+00","2023-04-12 07:58:43+00"
"159357","ecd72680526967e016df2711183470ba","12902","1","23262","2023-04-12 07:58:57+00","2023-04-12 07:58:57+00"
"159670","d986761fe7ba96aa2f6ddaeae31b316b","12898","1","23262","2023-04-13 18:15:18+00","2023-04-13 18:15:18+00"
"159671","d986761fe7ba96aa2f6ddaeae31b316b","12888","1","23262","2023-04-13 18:16:17+00","2023-04-13 18:16:17+00"
"159952","b7f2a1713de80cc02be28f2690e6e103","12907","1","23262","2023-04-15 15:29:37+00","2023-04-15 15:29:37+00"
"159953","b7f2a1713de80cc02be28f2690e6e103","12888","1","23262","2023-04-15 15:30:03+00","2023-04-15 15:30:03+00"
"159963","9a165fb3673dc0615e89c5d15440090c","12905","-1","23262","2023-04-15 16:55:50+00","2023-04-15 16:55:50+00"
"160189","3089915de54ed3061408ae4388a191d3","12907","1","23262","2023-04-16 15:19:58+00","2023-04-16 15:19:58+00"
"160413","65245ca10d1bca2fb41861d01ecf44f4","12906","1","23262","2023-04-17 12:04:50+00","2023-04-17 12:04:50+00"
"160414","65245ca10d1bca2fb41861d01ecf44f4","12905","1","23262","2023-04-17 12:04:58+00","2023-04-17 12:04:58+00"
"160697","67bc995ea21df860694408ba8f19935a","12890","-1","23262","2023-04-19 06:40:46+00","2023-04-19 06:40:46+00"
"160893","8d7bcee95a8d76abefcf0b3d7045fe69","12908","1","23262","2023-04-19 21:02:23+00","2023-04-19 21:02:23+00"
"160894","8d7bcee95a8d76abefcf0b3d7045fe69","12907","1","23262","2023-04-19 21:02:29+00","2023-04-19 21:02:29+00"
"160895","8d7bcee95a8d76abefcf0b3d7045fe69","12902","1","23262","2023-04-19 21:02:51+00","2023-04-19 21:02:51+00"
"160896","8d7bcee95a8d76abefcf0b3d7045fe69","12893","1","23262","2023-04-19 21:03:25+00","2023-04-19 21:03:25+00"
"160897","8d7bcee95a8d76abefcf0b3d7045fe69","12891","1","23262","2023-04-19 21:03:36+00","2023-04-19 21:03:36+00"
"160898","8d7bcee95a8d76abefcf0b3d7045fe69","12888","1","23262","2023-04-19 21:03:50+00","2023-04-19 21:03:50+00"
"161745","bed7ede4720df6ba7da559e396c609c8","12889","1","23262","2023-04-27 21:20:21+00","2023-04-27 21:20:21+00"
"161806","efc8e9d80d522543637f0c556c94659e","12898","1","23262","2023-04-28 20:49:02+00","2023-04-28 20:49:02+00"
"161807","efc8e9d80d522543637f0c556c94659e","12893","1","23262","2023-04-28 20:49:19+00","2023-04-28 20:49:19+00"
"161808","efc8e9d80d522543637f0c556c94659e","12892","-1","23262","2023-04-28 20:49:28+00","2023-04-28 20:49:28+00"
"161809","efc8e9d80d522543637f0c556c94659e","12889","-1","23262","2023-04-28 20:49:40+00","2023-04-28 20:49:40+00"
"162607","1dae12dc1e8870d26fb8c1e20f897f43","12902","1","23262","2023-05-05 21:35:21+00","2023-05-05 21:35:21+00"
"162608","1dae12dc1e8870d26fb8c1e20f897f43","12881","1","23262","2023-05-05 21:36:05+00","2023-05-05 21:36:05+00"
"163314","0c588cd2aaf59711e91f44f3c8d01ccb","12906","1","23262","2023-05-17 01:24:10+00","2023-05-17 01:24:10+00"
"163315","0c588cd2aaf59711e91f44f3c8d01ccb","12905","1","23262","2023-05-17 01:24:24+00","2023-05-17 01:24:24+00"
"163316","0c588cd2aaf59711e91f44f3c8d01ccb","12902","1","23262","2023-05-17 01:24:37+00","2023-05-17 01:24:37+00"
"163657","be72c8daccb6835a1f86035ef2143868","12905","-1","23262","2023-05-19 02:23:56+00","2023-05-19 02:23:56+00"
"163658","be72c8daccb6835a1f86035ef2143868","12888","1","23262","2023-05-19 02:24:20+00","2023-05-19 02:24:20+00"
"164391","edcd27607cc7c550e491d32a0ade009f","12893","1","23262","2023-05-23 21:49:12+00","2023-05-23 21:49:12+00"
"167051","77b55a7b197058d9193911f7e5f6916b","12906","1","23262","2023-06-11 13:56:08+00","2023-06-11 13:56:08+00"
"167218","fc7bcc89b278f090eaa563614875658b","12905","-1","23262","2023-06-12 09:08:35+00","2023-06-12 09:08:35+00"
"167219","fc7bcc89b278f090eaa563614875658b","12906","-1","23262","2023-06-12 09:08:36+00","2023-06-12 09:08:36+00"
"167220","fc7bcc89b278f090eaa563614875658b","12888","1","23262","2023-06-12 09:09:30+00","2023-06-12 09:09:30+00"
"167228","1805e129bb0224c64ef22ff77ccd4633","12889","1","23262","2023-06-12 10:46:55+00","2023-06-12 10:46:55+00"
"167718","b2c93a8412729105a8deb905ec9b08d0","12894","1","23262","2023-06-14 07:07:53+00","2023-06-14 07:07:53+00"
"167719","b2c93a8412729105a8deb905ec9b08d0","12888","1","23262","2023-06-14 07:08:18+00","2023-06-14 07:08:18+00"
"168351","debf7bfdef2d40af571843ceef4c5158","12889","1","23262","2023-06-16 13:52:39+00","2023-06-16 13:52:39+00"
"168369","18c2bad66c844699edc5255a0f650a53","12889","1","23262","2023-06-16 16:15:25+00","2023-06-16 16:15:25+00"
"168370","18c2bad66c844699edc5255a0f650a53","12888","1","23262","2023-06-16 16:15:34+00","2023-06-16 16:15:34+00"
"168527","a022ac90e3e9e4cde71a388b942f20fe","12888","1","23262","2023-06-17 16:41:00+00","2023-06-17 16:41:00+00"
"168671","7493a69e1eb8e9354b7b3c49a2d40dd5","12907","1","23262","2023-06-19 15:09:36+00","2023-06-19 15:09:36+00"
"168832","7cd1844517c878c4ab0a283b831bb1ab","12893","1","23262","2023-06-21 14:00:22+00","2023-06-21 14:00:22+00"
"168833","7cd1844517c878c4ab0a283b831bb1ab","12888","1","23262","2023-06-21 14:00:38+00","2023-06-21 14:00:38+00"
"168843","2835121aadef187a35eae68280d94b7a","12898","1","23262","2023-06-21 14:52:19+00","2023-06-21 14:52:19+00"
"168844","9a5fafaf6b8bfb66cebfeea8f5958bdc","12904","1","23262","2023-06-21 14:59:19+00","2023-06-21 14:59:19+00"
"174165","2b37f14ae1495fd801de58d737c865a9","12888","1","23262","2023-07-17 21:00:42+00","2023-07-17 21:00:42+00"
"176708","69aaf210f97d679dbf819e18a76b6edf","12905","-1","23262","2023-07-26 15:34:48+00","2023-07-26 15:34:48+00"
"178293","a55dd138617798e96941fd36e8dbcfec","12909","1","23262","2023-08-08 21:21:03+00","2023-08-08 21:21:03+00"
"178294","a55dd138617798e96941fd36e8dbcfec","12907","1","23262","2023-08-08 21:21:19+00","2023-08-08 21:21:19+00"
"178296","a55dd138617798e96941fd36e8dbcfec","12888","1","23262","2023-08-08 21:40:10+00","2023-08-08 21:40:10+00"
"178297","a55dd138617798e96941fd36e8dbcfec","12893","1","23262","2023-08-08 21:40:24+00","2023-08-08 21:40:24+00"
"179386","bd629a68bb10a38f52be6b23057b50ae","12888","1","23262","2023-08-19 13:35:41+00","2023-08-19 13:35:41+00"
"180776","3018d45fedb4dff1c7d631b2e3d6ba4b","12888","1","23262","2023-08-30 10:52:50+00","2023-08-30 10:52:50+00"
"181358","33940ecb09a7d763eb5db9a66f406116","12902","1","23262","2023-08-31 23:30:01+00","2023-08-31 23:30:01+00"
"181951","8d824c59b7777d7c3e4c78678d3da8b1","12889","1","23262","2023-09-02 07:19:39+00","2023-09-02 07:19:39+00"
"182928","debf7bfdef2d40af571843ceef4c5158","12906","1","23262","2023-09-05 20:19:26+00","2023-09-05 20:19:26+00"
"182929","debf7bfdef2d40af571843ceef4c5158","12888","1","23262","2023-09-05 20:20:20+00","2023-09-05 20:20:20+00"
"183268","800b6c716e366275eba690c423398839","12888","1","23262","2023-09-07 13:04:41+00","2023-09-07 13:04:41+00"
"183298","a64c51f92443d08006ade38f1d573e3f","12906","1","23262","2023-09-07 14:38:39+00","2023-09-07 14:38:39+00"
"183321","26ed74b761081934862c602f8a262d65","12907","1","23262","2023-09-07 15:08:34+00","2023-09-07 15:08:34+00"
"183518","7a25b67a23b9e26245e2437bdca6a364","12907","1","23262","2023-09-08 01:51:41+00","2023-09-08 01:51:41+00"
"183519","7a25b67a23b9e26245e2437bdca6a364","12902","1","23262","2023-09-08 01:51:59+00","2023-09-08 01:51:59+00"
"183520","7a25b67a23b9e26245e2437bdca6a364","12898","1","23262","2023-09-08 01:52:12+00","2023-09-08 01:52:12+00"
"183521","7a25b67a23b9e26245e2437bdca6a364","12893","1","23262","2023-09-08 01:52:31+00","2023-09-08 01:52:31+00"
"183522","7a25b67a23b9e26245e2437bdca6a364","12888","1","23262","2023-09-08 01:53:19+00","2023-09-08 01:53:19+00"
"183684","6c55200bab279923a5c65714eb9f2ab6","12906","-1","23262","2023-09-08 15:41:49+00","2023-09-08 15:41:49+00"
"183685","6c55200bab279923a5c65714eb9f2ab6","12905","-1","23262","2023-09-08 15:42:10+00","2023-09-08 15:42:10+00"
"183686","6c55200bab279923a5c65714eb9f2ab6","12889","-1","23262","2023-09-08 15:43:07+00","2023-09-08 15:43:07+00"
"183687","6c55200bab279923a5c65714eb9f2ab6","12888","1","23262","2023-09-08 15:43:27+00","2023-09-08 15:43:27+00"
"183696","833d65a4bae0931f4c0d2bae9359b2b8","23861","1","23262","2023-09-08 16:01:10+00","2023-09-08 16:01:10+00"
"183701","6a6fa3f8685473479ee7c17def0d3a18","12907","1","23262","2023-09-08 16:23:06+00","2023-09-08 16:23:06+00"
"183727","2e4d9f94990b4a73948dcd3c934f77e7","12888","1","23262","2023-09-08 17:29:07+00","2023-09-08 17:29:07+00"
"184083","fd05a7b82720f7be2ff7e5223d65af80","12905","1","23262","2023-09-10 02:28:10+00","2023-09-10 02:28:10+00"
"184126","498631a5b541789ed52bdd1ae02de852","12888","1","23262","2023-09-10 08:31:34+00","2023-09-10 08:31:34+00"
"185096","f4da8cf071d4f6996f3780f65901003b","23861","1","23262","2023-09-13 02:43:28+00","2023-09-13 02:43:28+00"
"185097","f4da8cf071d4f6996f3780f65901003b","12906","1","23262","2023-09-13 02:43:44+00","2023-09-13 02:43:44+00"
"185098","f4da8cf071d4f6996f3780f65901003b","12902","1","23262","2023-09-13 02:44:02+00","2023-09-13 02:44:02+00"
"185099","f4da8cf071d4f6996f3780f65901003b","12892","1","23262","2023-09-13 02:44:42+00","2023-09-13 02:44:42+00"
"185100","f4da8cf071d4f6996f3780f65901003b","12888","1","23262","2023-09-13 02:44:57+00","2023-09-13 02:44:57+00"
"185327","34834a89783997c7671fdd1258a824ec","23861","1","23262","2023-09-15 10:02:48+00","2023-09-15 10:02:48+00"
"185328","34834a89783997c7671fdd1258a824ec","12909","1","23262","2023-09-15 10:02:50+00","2023-09-15 10:02:50+00"
"185329","34834a89783997c7671fdd1258a824ec","12907","1","23262","2023-09-15 10:02:57+00","2023-09-15 10:02:57+00"
"185330","34834a89783997c7671fdd1258a824ec","12902","1","23262","2023-09-15 10:03:18+00","2023-09-15 10:03:18+00"
"185599","6fc907b50a23bca37936ea1c0e9d6089","12907","1","23262","2023-09-18 12:42:41+00","2023-09-18 12:42:41+00"
"185917","274e9c10575bb1d919846e87e3384f45","12899","-1","23262","2023-09-21 16:28:24+00","2023-09-21 16:28:24+00"
"187834","8a7e917fdc54012403fb3a7684254ecf","12907","1","23262","2023-09-27 21:58:33+00","2023-09-27 21:58:33+00"
"187894","06d3bdc08606013339c48044eb7a9b81","23861","1","23262","2023-09-28 08:44:23+00","2023-09-28 08:44:23+00"
"187895","06d3bdc08606013339c48044eb7a9b81","12907","1","23262","2023-09-28 08:44:29+00","2023-09-28 08:44:29+00"
"187896","06d3bdc08606013339c48044eb7a9b81","12898","1","23262","2023-09-28 08:44:52+00","2023-09-28 08:44:52+00"
"187897","06d3bdc08606013339c48044eb7a9b81","12890","1","23262","2023-09-28 08:45:09+00","2023-09-28 08:45:09+00"
"189568","f1dfdddf31159cf2c114c649c334957f","12892","1","23262","2023-10-06 15:06:10+00","2023-10-06 15:06:10+00"
"190056","8bf67b222ef1483963fc618228d64d6c","12888","1","23262","2023-10-10 20:11:23+00","2023-10-10 20:11:23+00"
"190082","10795ccf5944e2d34cbcae63f3aa1caf","12906","1","23262","2023-10-11 02:03:30+00","2023-10-11 02:03:30+00"
"190083","10795ccf5944e2d34cbcae63f3aa1caf","12905","1","23262","2023-10-11 02:03:41+00","2023-10-11 02:03:41+00"
"190943","7259a256442a556a89c7713e6e8774bd","23861","1","23262","2023-10-17 00:29:44+00","2023-10-17 00:29:44+00"
"191434","0e149155be779ebeaf5b6d91a9a79ef5","12906","1","23262","2023-10-21 22:03:24+00","2023-10-21 22:03:24+00"
"191435","0e149155be779ebeaf5b6d91a9a79ef5","12907","1","23262","2023-10-21 22:03:31+00","2023-10-21 22:03:31+00"
"191436","0e149155be779ebeaf5b6d91a9a79ef5","12905","-1","23262","2023-10-21 22:03:43+00","2023-10-21 22:03:43+00"
"191437","0e149155be779ebeaf5b6d91a9a79ef5","12904","1","23262","2023-10-21 22:03:49+00","2023-10-21 22:03:49+00"
"191438","0e149155be779ebeaf5b6d91a9a79ef5","12902","1","23262","2023-10-21 22:05:40+00","2023-10-21 22:05:40+00"
"191439","0e149155be779ebeaf5b6d91a9a79ef5","12893","1","23262","2023-10-21 22:06:08+00","2023-10-21 22:06:08+00"
"191440","0e149155be779ebeaf5b6d91a9a79ef5","12889","1","23262","2023-10-21 22:06:17+00","2023-10-21 22:06:17+00"
"191441","0e149155be779ebeaf5b6d91a9a79ef5","12888","1","23262","2023-10-21 22:06:29+00","2023-10-21 22:06:29+00"
"191584","1c8b945386d46f9c00e965a661d706c9","12889","1","23262","2023-10-22 10:37:48+00","2023-10-22 10:37:48+00"
"191585","ead8b017e9cf0ba2898267440a6fcf60","12889","1","23262","2023-10-22 13:44:51+00","2023-10-22 13:44:51+00"
"192141","bac076281de013fec23139bf9ebe6a12","12906","1","23262","2023-10-26 12:33:43+00","2023-10-26 12:33:43+00"
"192142","bac076281de013fec23139bf9ebe6a12","12896","1","23262","2023-10-26 12:33:47+00","2023-10-26 12:33:47+00"
"192443","d77938d63edcc4564b458954adc4e7b5","12907","1","23262","2023-10-29 09:39:26+00","2023-10-29 09:39:26+00"
"192444","d77938d63edcc4564b458954adc4e7b5","12906","-1","23262","2023-10-29 09:39:28+00","2023-10-29 09:39:28+00"
"192445","d77938d63edcc4564b458954adc4e7b5","12905","-1","23262","2023-10-29 09:39:38+00","2023-10-29 09:39:38+00"
"192446","933cde896aa53d829593096e36a6f1d7","12902","1","23262","2023-10-29 09:39:53+00","2023-10-29 09:39:53+00"
"192447","933cde896aa53d829593096e36a6f1d7","12898","1","23262","2023-10-29 09:40:02+00","2023-10-29 09:40:02+00"
"192448","d77938d63edcc4564b458954adc4e7b5","12896","-1","23262","2023-10-29 09:40:08+00","2023-10-29 09:40:08+00"
"192449","d77938d63edcc4564b458954adc4e7b5","12893","1","23262","2023-10-29 09:40:16+00","2023-10-29 09:40:16+00"
"192450","d77938d63edcc4564b458954adc4e7b5","12889","-1","23262","2023-10-29 09:40:26+00","2023-10-29 09:40:26+00"
"192451","d77938d63edcc4564b458954adc4e7b5","12890","1","23262","2023-10-29 09:40:29+00","2023-10-29 09:40:29+00"
"192452","d77938d63edcc4564b458954adc4e7b5","12888","1","23262","2023-10-29 09:40:55+00","2023-10-29 09:40:55+00"
"192453","abc93167d4b09ded08af499bffafb94b","12887","1","23262","2023-10-29 09:43:04+00","2023-10-29 09:43:04+00"
"192454","abc93167d4b09ded08af499bffafb94b","12881","1","23262","2023-10-29 09:43:35+00","2023-10-29 09:43:35+00"
"192455","abc93167d4b09ded08af499bffafb94b","12878","1","23262","2023-10-29 09:43:37+00","2023-10-29 09:43:37+00"
"192759","e9d3815a940ad0ef2289db776c3aba05","12906","1","23262","2023-10-30 11:16:16+00","2023-10-30 11:16:16+00"
"192760","e9d3815a940ad0ef2289db776c3aba05","12903","1","23262","2023-10-30 11:16:30+00","2023-10-30 11:16:30+00"
"192761","e9d3815a940ad0ef2289db776c3aba05","12894","1","23262","2023-10-30 11:17:03+00","2023-10-30 11:17:03+00"
"192762","67882bf98e5671ed84391acbd40747b2","12905","-1","23262","2023-10-30 11:22:37+00","2023-10-30 11:22:37+00"
"192810","61094b6379eb60d295910eb1ced70fee","12906","1","23262","2023-10-30 15:26:20+00","2023-10-30 15:26:20+00"
"192811","61094b6379eb60d295910eb1ced70fee","12896","1","23262","2023-10-30 15:27:58+00","2023-10-30 15:27:58+00"
"192812","61094b6379eb60d295910eb1ced70fee","12893","1","23262","2023-10-30 15:28:15+00","2023-10-30 15:28:15+00"
"192813","61094b6379eb60d295910eb1ced70fee","12889","1","23262","2023-10-30 15:28:29+00","2023-10-30 15:28:29+00"
"192814","61094b6379eb60d295910eb1ced70fee","12888","1","23262","2023-10-30 15:28:31+00","2023-10-30 15:28:31+00"
"192815","61094b6379eb60d295910eb1ced70fee","12881","1","23262","2023-10-30 15:30:07+00","2023-10-30 15:30:07+00"
"193590","9296390a98b5e1e5e91f1dad95aa5405","12888","1","23262","2023-11-02 15:17:40+00","2023-11-02 15:17:40+00"
"193629","10b8da3154bfadd3df818a17e54e120e","12906","1","23262","2023-11-02 19:24:29+00","2023-11-02 19:24:29+00"
"194317","d4cfb6d6f6e66031ba0135ca29088a8e","12907","1","23262","2023-11-07 19:34:23+00","2023-11-07 19:34:23+00"
"194318","d4cfb6d6f6e66031ba0135ca29088a8e","12906","-1","23262","2023-11-07 19:34:27+00","2023-11-07 19:34:27+00"
"194319","d4cfb6d6f6e66031ba0135ca29088a8e","12905","-1","23262","2023-11-07 19:34:33+00","2023-11-07 19:34:33+00"
"194320","d4cfb6d6f6e66031ba0135ca29088a8e","12898","1","23262","2023-11-07 19:34:46+00","2023-11-07 19:34:46+00"
"194321","d4cfb6d6f6e66031ba0135ca29088a8e","12893","1","23262","2023-11-07 19:35:04+00","2023-11-07 19:35:04+00"
"194322","d4cfb6d6f6e66031ba0135ca29088a8e","12888","1","23262","2023-11-07 19:35:24+00","2023-11-07 19:35:24+00"
"194336","05773d63fc67b9030c9e0a10a0120ef7","12905","-1","23262","2023-11-08 01:45:26+00","2023-11-08 01:45:26+00"
"194370","cc5cddeeec2c9b86ed911991062e3111","25266","1","23262","2023-11-08 10:07:08+00","2023-11-08 10:07:08+00"
"194371","cc5cddeeec2c9b86ed911991062e3111","12905","-1","23262","2023-11-08 10:07:25+00","2023-11-08 10:07:25+00"
"194372","cc5cddeeec2c9b86ed911991062e3111","12898","1","23262","2023-11-08 10:07:55+00","2023-11-08 10:07:55+00"
"194373","cc5cddeeec2c9b86ed911991062e3111","12896","-1","23262","2023-11-08 10:08:00+00","2023-11-08 10:08:00+00"
"194374","cc5cddeeec2c9b86ed911991062e3111","12888","1","23262","2023-11-08 10:08:06+00","2023-11-08 10:08:06+00"
"194375","cc5cddeeec2c9b86ed911991062e3111","12887","1","23262","2023-11-08 10:08:26+00","2023-11-08 10:08:26+00"
"194376","60ce1ce161efa6a43d7a4ea470131a39","12888","1","23262","2023-11-08 10:27:27+00","2023-11-08 10:27:27+00"
"194378","61094b6379eb60d295910eb1ced70fee","25266","1","23262","2023-11-08 12:17:52+00","2023-11-08 12:17:52+00"
"194379","61094b6379eb60d295910eb1ced70fee","12905","-1","23262","2023-11-08 12:17:54+00","2023-11-08 12:17:54+00"
"194380","61094b6379eb60d295910eb1ced70fee","12907","1","23262","2023-11-08 12:18:00+00","2023-11-08 12:18:00+00"
"194427","c95dcde0b397d5cf3c3a8b39e812c68a","25266","1","23262","2023-11-09 00:09:02+00","2023-11-09 00:09:02+00"
"194475","82df6d898fde13537171f70416d4136f","12909","1","23262","2023-11-09 20:12:38+00","2023-11-09 20:12:38+00"
"194476","82df6d898fde13537171f70416d4136f","12907","1","23262","2023-11-09 20:12:48+00","2023-11-09 20:12:48+00"
"194477","82df6d898fde13537171f70416d4136f","12906","0","23262","2023-11-09 20:12:59+00","2023-11-09 20:12:59+00"
"194478","82df6d898fde13537171f70416d4136f","12905","-1","23262","2023-11-09 20:13:34+00","2023-11-09 20:13:34+00"
"194479","82df6d898fde13537171f70416d4136f","25266","1","23262","2023-11-09 20:13:46+00","2023-11-09 20:13:46+00"
"194480","82df6d898fde13537171f70416d4136f","12902","1","23262","2023-11-09 20:14:02+00","2023-11-09 20:14:02+00"
"194481","82df6d898fde13537171f70416d4136f","12901","1","23262","2023-11-09 20:14:06+00","2023-11-09 20:14:06+00"
"194482","82df6d898fde13537171f70416d4136f","12898","1","23262","2023-11-09 20:14:17+00","2023-11-09 20:14:17+00"
"194610","1fb4ebbdb20eca2c8c177bc72fdbf528","12896","1","23262","2023-11-10 16:09:11+00","2023-11-10 16:09:11+00"
"194611","1fb4ebbdb20eca2c8c177bc72fdbf528","12889","1","23262","2023-11-10 16:09:22+00","2023-11-10 16:09:22+00"
"194612","1fb4ebbdb20eca2c8c177bc72fdbf528","12888","1","23262","2023-11-10 16:09:36+00","2023-11-10 16:09:36+00"
"194734","0d5dc0987cb5695a62965987fd7a2769","12906","1","23262","2023-11-11 09:21:44+00","2023-11-11 09:21:44+00"
"194735","0d5dc0987cb5695a62965987fd7a2769","12893","1","23262","2023-11-11 09:23:34+00","2023-11-11 09:23:34+00"
"195486","d6730799d1558f62c58aa81d36430791","25266","-1","23262","2023-11-16 19:24:48+00","2023-11-16 19:24:48+00"
"195803","ab69f2108ee5c3f204f04f732a4250a2","23861","1","23262","2023-11-17 11:03:10+00","2023-11-17 11:03:10+00"
"195804","ab69f2108ee5c3f204f04f732a4250a2","12907","1","23262","2023-11-17 11:03:16+00","2023-11-17 11:03:16+00"
"196130","d535b91e78db639ee756aa699b1a63a7","12906","-1","23262","2023-11-18 20:50:24+00","2023-11-18 20:50:24+00"
"196131","d535b91e78db639ee756aa699b1a63a7","25266","1","23262","2023-11-18 20:50:47+00","2023-11-18 20:50:47+00"
"196132","d535b91e78db639ee756aa699b1a63a7","12905","-1","23262","2023-11-18 20:50:54+00","2023-11-18 20:50:54+00"
"196133","d535b91e78db639ee756aa699b1a63a7","12903","1","23262","2023-11-18 20:51:00+00","2023-11-18 20:51:00+00"
"196134","d535b91e78db639ee756aa699b1a63a7","12898","1","23262","2023-11-18 20:51:22+00","2023-11-18 20:51:22+00"
"196135","d535b91e78db639ee756aa699b1a63a7","12896","-1","23262","2023-11-18 20:51:25+00","2023-11-18 20:51:25+00"
"196136","d535b91e78db639ee756aa699b1a63a7","12894","1","23262","2023-11-18 20:51:31+00","2023-11-18 20:51:31+00"
"196137","d535b91e78db639ee756aa699b1a63a7","12893","1","23262","2023-11-18 20:51:36+00","2023-11-18 20:51:36+00"
"196138","d535b91e78db639ee756aa699b1a63a7","12892","-1","23262","2023-11-18 20:51:44+00","2023-11-18 20:51:44+00"
"196139","d535b91e78db639ee756aa699b1a63a7","12891","1","23262","2023-11-18 20:51:47+00","2023-11-18 20:51:47+00"
"196140","d535b91e78db639ee756aa699b1a63a7","12890","1","23262","2023-11-18 20:51:50+00","2023-11-18 20:51:50+00"
"196141","d535b91e78db639ee756aa699b1a63a7","12889","1","23262","2023-11-18 20:51:53+00","2023-11-18 20:51:53+00"
"196142","d535b91e78db639ee756aa699b1a63a7","12888","1","23262","2023-11-18 20:51:58+00","2023-11-18 20:51:58+00"
"196143","d535b91e78db639ee756aa699b1a63a7","12887","1","23262","2023-11-18 20:52:36+00","2023-11-18 20:52:36+00"
"196144","d535b91e78db639ee756aa699b1a63a7","12881","1","23262","2023-11-18 20:52:44+00","2023-11-18 20:52:44+00"
"196145","d535b91e78db639ee756aa699b1a63a7","12878","1","23262","2023-11-18 20:52:47+00","2023-11-18 20:52:47+00"
"196811","6b725412e27115f58411d07dc95e2a43","12895","1","23262","2023-11-25 09:37:38+00","2023-11-25 09:37:38+00"
"196813","6b725412e27115f58411d07dc95e2a43","12890","1","23262","2023-11-25 09:39:36+00","2023-11-25 09:39:36+00"
"196814","6b725412e27115f58411d07dc95e2a43","12884","1","23262","2023-11-25 09:41:40+00","2023-11-25 09:41:40+00"
"196861","806dc42f7248440e2916b0c8ef176ca0","23861","1","23262","2023-11-25 22:20:33+00","2023-11-25 22:20:33+00"
"196873","96e5f23976ae411d224a7341dd39227b","12907","1","23262","2023-11-26 00:36:55+00","2023-11-26 00:36:55+00"
"196874","013b827ba185906fa6ec33c294d08462","12903","1","23262","2023-11-26 00:46:52+00","2023-11-26 00:46:52+00"
"197084","dda9fa6687ab6cdbeecb7548884240eb","12906","1","23262","2023-11-28 22:24:18+00","2023-11-28 22:24:18+00"
"197207","59f1b3ad906ee7f49d13d3822d59600e","12907","1","23262","2023-11-29 23:11:55+00","2023-11-29 23:11:55+00"
"197368","807561b2de3b8c1de1661a987e80ce49","25266","1","23262","2023-12-02 00:01:45+00","2023-12-02 00:01:45+00"
"197369","807561b2de3b8c1de1661a987e80ce49","12905","-1","23262","2023-12-02 00:01:47+00","2023-12-02 00:01:47+00"
"197370","807561b2de3b8c1de1661a987e80ce49","12902","1","23262","2023-12-02 00:02:39+00","2023-12-02 00:02:39+00"
"197371","807561b2de3b8c1de1661a987e80ce49","12896","-1","23262","2023-12-02 00:02:58+00","2023-12-02 00:02:58+00"
"197372","807561b2de3b8c1de1661a987e80ce49","12892","-1","23262","2023-12-02 00:03:15+00","2023-12-02 00:03:15+00"
"197373","807561b2de3b8c1de1661a987e80ce49","12889","-1","23262","2023-12-02 00:03:21+00","2023-12-02 00:03:21+00"
"197475","0f6ed2ac3727db44f8fb8f3419fb0e20","12903","1","23262","2023-12-03 23:46:04+00","2023-12-03 23:46:04+00"
"197691","0d2740ba1a6975af4607fec73f1e1ebe","25266","1","23262","2023-12-06 11:03:06+00","2023-12-06 11:03:06+00"
"197752","0fdca918148b7bd218adbab4cc6229a2","23861","1","23262","2023-12-07 01:19:57+00","2023-12-07 01:19:57+00"
"197753","0fdca918148b7bd218adbab4cc6229a2","12909","1","23262","2023-12-07 01:19:59+00","2023-12-07 01:19:59+00"
"197754","0fdca918148b7bd218adbab4cc6229a2","12908","1","23262","2023-12-07 01:20:07+00","2023-12-07 01:20:07+00"
"197755","0fdca918148b7bd218adbab4cc6229a2","12907","1","23262","2023-12-07 01:20:14+00","2023-12-07 01:20:14+00"
"197756","0fdca918148b7bd218adbab4cc6229a2","12906","1","23262","2023-12-07 01:20:17+00","2023-12-07 01:20:17+00"
"197757","0fdca918148b7bd218adbab4cc6229a2","12905","1","23262","2023-12-07 01:20:24+00","2023-12-07 01:20:24+00"
"197758","0fdca918148b7bd218adbab4cc6229a2","25266","-1","23262","2023-12-07 01:20:54+00","2023-12-07 01:20:54+00"
"197759","0fdca918148b7bd218adbab4cc6229a2","12903","1","23262","2023-12-07 01:20:58+00","2023-12-07 01:20:58+00"
"197760","0fdca918148b7bd218adbab4cc6229a2","12902","1","23262","2023-12-07 01:21:07+00","2023-12-07 01:21:07+00"
"197761","0fdca918148b7bd218adbab4cc6229a2","12898","1","23262","2023-12-07 01:21:17+00","2023-12-07 01:21:17+00"
"197762","0fdca918148b7bd218adbab4cc6229a2","12894","1","23262","2023-12-07 01:21:30+00","2023-12-07 01:21:30+00"
"197763","0fdca918148b7bd218adbab4cc6229a2","12893","1","23262","2023-12-07 01:21:35+00","2023-12-07 01:21:35+00"
"197764","0fdca918148b7bd218adbab4cc6229a2","12890","1","23262","2023-12-07 01:21:44+00","2023-12-07 01:21:44+00"
"197765","0fdca918148b7bd218adbab4cc6229a2","12889","1","23262","2023-12-07 01:21:50+00","2023-12-07 01:21:50+00"
"197766","0fdca918148b7bd218adbab4cc6229a2","12888","1","23262","2023-12-07 01:22:07+00","2023-12-07 01:22:07+00"
"197767","0fdca918148b7bd218adbab4cc6229a2","12887","1","23262","2023-12-07 01:22:15+00","2023-12-07 01:22:15+00"
"197768","0fdca918148b7bd218adbab4cc6229a2","12881","1","23262","2023-12-07 01:22:24+00","2023-12-07 01:22:24+00"
"197810","9296390a98b5e1e5e91f1dad95aa5405","25266","1","23262","2023-12-07 19:39:30+00","2023-12-07 19:39:30+00"
"197811","9296390a98b5e1e5e91f1dad95aa5405","12898","1","23262","2023-12-07 19:39:36+00","2023-12-07 19:39:36+00"
"198158","08e4ef22739d8ea3b8f9ded61f67c6ca","23861","1","23262","2023-12-11 15:03:22+00","2023-12-11 15:03:22+00"
"198399","6a0cf0d361f576eb0d40347e738d45d1","23861","1","23262","2023-12-11 22:44:13+00","2023-12-11 22:44:13+00"
"198400","6a0cf0d361f576eb0d40347e738d45d1","12888","1","23262","2023-12-11 22:44:45+00","2023-12-11 22:44:45+00"
"198610","f09d290a2e95791242cee70766b1d0fa","23861","1","23262","2023-12-12 11:37:57+00","2023-12-12 11:37:57+00"
"198656","3e268596dd78ca12a8d1a914036b52ac","12906","-1","23262","2023-12-12 16:53:38+00","2023-12-12 16:53:38+00"
"198657","3e268596dd78ca12a8d1a914036b52ac","12889","-1","23262","2023-12-12 16:54:40+00","2023-12-12 16:54:40+00"
"198784","7642b3992fb147c608b024a2a78b56b2","12892","-1","23262","2023-12-12 23:12:37+00","2023-12-12 23:12:37+00"
"199700","119067f90e13925fffe975a6eb347246","12888","1","23262","2023-12-15 15:57:40+00","2023-12-15 15:57:40+00"
"199960","7a51d3d4abc911c3ebca001db2291822","23861","1","23262","2023-12-16 00:48:10+00","2023-12-16 00:48:10+00"
"199961","7a51d3d4abc911c3ebca001db2291822","12909","1","23262","2023-12-16 00:48:11+00","2023-12-16 00:48:11+00"
"199962","7a51d3d4abc911c3ebca001db2291822","12906","1","23262","2023-12-16 00:48:18+00","2023-12-16 00:48:18+00"
"199963","7a51d3d4abc911c3ebca001db2291822","12905","1","23262","2023-12-16 00:48:24+00","2023-12-16 00:48:24+00"
"199964","7a51d3d4abc911c3ebca001db2291822","25266","1","23262","2023-12-16 00:48:43+00","2023-12-16 00:48:43+00"
"199965","7a51d3d4abc911c3ebca001db2291822","12902","1","23262","2023-12-16 00:48:50+00","2023-12-16 00:48:50+00"
"199966","7a51d3d4abc911c3ebca001db2291822","12900","1","23262","2023-12-16 00:48:52+00","2023-12-16 00:48:52+00"
"199967","7a51d3d4abc911c3ebca001db2291822","12899","1","23262","2023-12-16 00:48:56+00","2023-12-16 00:48:56+00"
"199968","7a51d3d4abc911c3ebca001db2291822","12895","1","23262","2023-12-16 00:49:05+00","2023-12-16 00:49:05+00"
"199969","7a51d3d4abc911c3ebca001db2291822","12893","1","23262","2023-12-16 00:49:14+00","2023-12-16 00:49:14+00"
"200074","424442daa6c0b1f38dd9d2f6ab6b9279","25266","1","23262","2023-12-16 11:18:03+00","2023-12-16 11:18:03+00"
"200075","424442daa6c0b1f38dd9d2f6ab6b9279","12898","1","23262","2023-12-16 11:18:23+00","2023-12-16 11:18:23+00"
"200076","424442daa6c0b1f38dd9d2f6ab6b9279","12893","1","23262","2023-12-16 11:18:41+00","2023-12-16 11:18:41+00"
"200077","424442daa6c0b1f38dd9d2f6ab6b9279","12892","-1","23262","2023-12-16 11:18:48+00","2023-12-16 11:18:48+00"
"200200","069c0c4ffafb7dbd040d6dc1356c0cdb","23861","1","23262","2023-12-16 21:44:56+00","2023-12-16 21:44:56+00"
"201012","537e46bcc2ff05eef2c36f94c460497e","12905","-1","23262","2023-12-18 08:55:05+00","2023-12-18 08:55:05+00"
"201202","133d49af629c05adeaf437f2dbd0854b","23861","1","23262","2023-12-18 17:37:33+00","2023-12-18 17:37:33+00"
"201203","133d49af629c05adeaf437f2dbd0854b","12909","1","23262","2023-12-18 17:37:34+00","2023-12-18 17:37:34+00"
"201322","f88406a3d62be854aa92e5521a4a948b","12906","-1","23262","2023-12-19 07:35:24+00","2023-12-19 07:35:24+00"
"201323","f88406a3d62be854aa92e5521a4a948b","12905","-1","23262","2023-12-19 07:35:36+00","2023-12-19 07:35:36+00"
"201324","f88406a3d62be854aa92e5521a4a948b","12896","-1","23262","2023-12-19 07:36:06+00","2023-12-19 07:36:06+00"
"201409","ac0d604a8953dd5d78de3c7fe3afd7ba","12888","1","23262","2023-12-19 11:50:54+00","2023-12-19 11:50:54+00"
"201410","3d28a0348866d8e2430580511bc4e91d","12893","1","23262","2023-12-19 11:51:06+00","2023-12-19 11:51:06+00"
"201488","3bbae24be616a46c1819515378350aae","12905","0","23262","2023-12-19 16:43:32+00","2023-12-19 16:43:32+00"
"201507","79269e0613928f87712d5ac86cbbecfd","12905","1","23262","2023-12-19 17:48:12+00","2023-12-19 17:48:12+00"
"201508","79269e0613928f87712d5ac86cbbecfd","25266","-1","23262","2023-12-19 17:48:14+00","2023-12-19 17:48:14+00"
"202044","a7c41786eaf54a72262ee775aa63f9b7","23861","1","23262","2023-12-20 13:15:33+00","2023-12-20 13:15:33+00"
"202045","a7c41786eaf54a72262ee775aa63f9b7","12907","1","23262","2023-12-20 13:15:39+00","2023-12-20 13:15:39+00"
"202046","a7c41786eaf54a72262ee775aa63f9b7","12903","1","23262","2023-12-20 13:15:45+00","2023-12-20 13:15:45+00"
"202047","a7c41786eaf54a72262ee775aa63f9b7","12898","1","23262","2023-12-20 13:15:53+00","2023-12-20 13:15:53+00"
"202048","a7c41786eaf54a72262ee775aa63f9b7","12894","1","23262","2023-12-20 13:16:01+00","2023-12-20 13:16:01+00"
"202049","a7c41786eaf54a72262ee775aa63f9b7","12888","1","23262","2023-12-20 13:16:12+00","2023-12-20 13:16:12+00"
"202229","398df1639497fc33724c3b0e099c5942","25266","-1","23262","2023-12-20 16:25:50+00","2023-12-20 16:25:50+00"
"202477","42ee100f718325232bdfc3d9b482fdb4","25266","1","23262","2023-12-20 22:51:46+00","2023-12-20 22:51:46+00"
"202479","42ee100f718325232bdfc3d9b482fdb4","12888","1","23262","2023-12-20 22:52:13+00","2023-12-20 22:52:13+00"
"202813","c37f3aca549fbfcd80c0d2c8fc0b6fc9","12888","1","23262","2023-12-21 13:27:24+00","2023-12-21 13:27:24+00"
"202891","e1449e63afcce75d1c821abc5fc2fd16","23861","1","23262","2023-12-21 15:29:17+00","2023-12-21 15:29:17+00"
"202892","e1449e63afcce75d1c821abc5fc2fd16","12909","1","23262","2023-12-21 15:29:18+00","2023-12-21 15:29:18+00"
"202893","e1449e63afcce75d1c821abc5fc2fd16","12907","1","23262","2023-12-21 15:29:37+00","2023-12-21 15:29:37+00"
"202894","e1449e63afcce75d1c821abc5fc2fd16","12903","1","23262","2023-12-21 15:30:00+00","2023-12-21 15:30:00+00"
"202895","e1449e63afcce75d1c821abc5fc2fd16","12902","1","23262","2023-12-21 15:30:05+00","2023-12-21 15:30:05+00"
"202896","e1449e63afcce75d1c821abc5fc2fd16","12900","1","23262","2023-12-21 15:30:09+00","2023-12-21 15:30:09+00"
"202897","e1449e63afcce75d1c821abc5fc2fd16","12898","1","23262","2023-12-21 15:30:15+00","2023-12-21 15:30:15+00"
"202898","e1449e63afcce75d1c821abc5fc2fd16","12893","1","23262","2023-12-21 15:30:26+00","2023-12-21 15:30:26+00"
"202899","e1449e63afcce75d1c821abc5fc2fd16","12888","1","23262","2023-12-21 15:30:40+00","2023-12-21 15:30:40+00"
"202900","e1449e63afcce75d1c821abc5fc2fd16","12881","1","23262","2023-12-21 15:30:57+00","2023-12-21 15:30:57+00"
"203459","debf7bfdef2d40af571843ceef4c5158","12902","1","23262","2023-12-24 00:34:39+00","2023-12-24 00:34:39+00"
"203460","debf7bfdef2d40af571843ceef4c5158","12890","1","23262","2023-12-24 00:35:02+00","2023-12-24 00:35:02+00"
"203461","debf7bfdef2d40af571843ceef4c5158","12887","1","23262","2023-12-24 00:35:17+00","2023-12-24 00:35:17+00"
"203466","833d65a4bae0931f4c0d2bae9359b2b8","26519","1","23262","2023-12-24 01:31:30+00","2023-12-24 01:31:30+00"
"203499","a81c96f2363a7b301f5f74da1e4d5e12","12905","-1","23262","2023-12-24 12:37:35+00","2023-12-24 12:37:35+00"
"204172","ad23667f0e6df48e70f39a4a3bf9851e","12906","1","23262","2023-12-29 02:01:01+00","2023-12-29 02:01:01+00"
"204188","030b4a2fa86eb61c7b63e42190b457ae","12909","-1","23262","2023-12-29 07:09:23+00","2023-12-29 07:09:23+00"
"204189","030b4a2fa86eb61c7b63e42190b457ae","12889","-1","23262","2023-12-29 07:10:42+00","2023-12-29 07:10:42+00"
"204190","030b4a2fa86eb61c7b63e42190b457ae","12882","-1","23262","2023-12-29 07:14:53+00","2023-12-29 07:14:53+00"
"204191","030b4a2fa86eb61c7b63e42190b457ae","12881","-1","23262","2023-12-29 07:14:54+00","2023-12-29 07:14:54+00"
"204244","66d1d8fbb45828bbd888073ccdc92a85","12907","1","23262","2023-12-29 21:49:08+00","2023-12-29 21:49:08+00"
"204245","66d1d8fbb45828bbd888073ccdc92a85","12902","1","23262","2023-12-29 21:49:21+00","2023-12-29 21:49:21+00"
"204246","66d1d8fbb45828bbd888073ccdc92a85","12895","1","23262","2023-12-29 23:42:17+00","2023-12-29 23:42:17+00"
"204247","66d1d8fbb45828bbd888073ccdc92a85","12893","1","23262","2023-12-29 23:42:24+00","2023-12-29 23:42:24+00"
"204269","758b889a75b7ddafc56cfefcb8a049bf","23861","1","23262","2023-12-30 01:51:59+00","2023-12-30 01:51:59+00"
"204307","78f23d93c6d80bd1f9c3dcf9c13dbee2","12906","1","23262","2023-12-30 03:46:32+00","2023-12-30 03:46:32+00"
"204634","ccd8b8bf586ba4b1b82b6dfedd5d40db","26519","1","23262","2024-01-02 00:02:35+00","2024-01-02 00:02:35+00"
"204793","cf187788abc04252c1f6fa7bea6b34a5","12902","1","23262","2024-01-02 16:52:50+00","2024-01-02 16:52:50+00"
"204842","828b8ad20b5f2cfb0b36a6cdf97cbfff","12907","1","23262","2024-01-02 20:17:37+00","2024-01-02 20:17:37+00"
"204951","4112e95c378059391efcdf2f173254ec","25266","-1","23262","2024-01-03 04:34:28+00","2024-01-03 04:34:28+00"
"204952","4112e95c378059391efcdf2f173254ec","12900","1","23262","2024-01-03 04:34:38+00","2024-01-03 04:34:38+00"
"204953","4112e95c378059391efcdf2f173254ec","12896","1","23262","2024-01-03 04:34:49+00","2024-01-03 04:34:49+00"
"204954","4112e95c378059391efcdf2f173254ec","12892","1","23262","2024-01-03 04:35:09+00","2024-01-03 04:35:09+00"
"204955","4112e95c378059391efcdf2f173254ec","12890","1","23262","2024-01-03 04:35:12+00","2024-01-03 04:35:12+00"
"204956","4112e95c378059391efcdf2f173254ec","12889","1","23262","2024-01-03 04:35:18+00","2024-01-03 04:35:18+00"
"206401","0ce3d330d771425c7bf7d6d88f320f69","25266","-1","23262","2024-01-11 05:17:43+00","2024-01-11 05:17:43+00"
"206562","9b0ace0f35ed338adff193ca2551bf1c","12888","1","23262","2024-01-12 03:27:01+00","2024-01-12 03:27:01+00"
"206584","4579d0cacc4a93c955497808da4344af","12907","1","23262","2024-01-12 13:55:44+00","2024-01-12 13:55:44+00"
"206586","a0943946d73f9b965e7262a182d02142","25266","1","23262","2024-01-12 13:56:04+00","2024-01-12 13:56:04+00"
"206587","2ae41829d4747cfe5599fb716dcbfee1","12902","1","23262","2024-01-12 13:56:12+00","2024-01-12 13:56:12+00"
"206588","2ae41829d4747cfe5599fb716dcbfee1","12899","1","23262","2024-01-12 13:56:18+00","2024-01-12 13:56:18+00"
"206812","a3bd50e68c5460d0fba188938fbda6e7","12905","-1","23262","2024-01-13 10:13:26+00","2024-01-13 10:13:26+00"
"206813","a3bd50e68c5460d0fba188938fbda6e7","25266","1","23262","2024-01-13 10:13:55+00","2024-01-13 10:13:55+00"
"206832","049448f974167d9f5e00cb6a43c19484","12905","-1","23262","2024-01-13 19:07:49+00","2024-01-13 19:07:49+00"
"206833","049448f974167d9f5e00cb6a43c19484","25266","1","23262","2024-01-13 19:07:51+00","2024-01-13 19:07:51+00"
"207476","7cf6f441e90bfdcdcac7b55bb9db72c3","23861","1","23262","2024-01-16 12:39:29+00","2024-01-16 12:39:29+00"
"207477","7cf6f441e90bfdcdcac7b55bb9db72c3","25266","1","23262","2024-01-16 12:40:04+00","2024-01-16 12:40:04+00"
"207478","7cf6f441e90bfdcdcac7b55bb9db72c3","12905","-1","23262","2024-01-16 12:41:28+00","2024-01-16 12:41:28+00"
"207479","7cf6f441e90bfdcdcac7b55bb9db72c3","12894","1","23262","2024-01-16 12:41:44+00","2024-01-16 12:41:44+00"
"207593","fe2cfe2fae72664a9e0dfbed4059a82a","26519","1","23262","2024-01-17 01:27:53+00","2024-01-17 01:27:53+00"
"207594","fe2cfe2fae72664a9e0dfbed4059a82a","12909","1","23262","2024-01-17 01:27:57+00","2024-01-17 01:27:57+00"
"207595","fe2cfe2fae72664a9e0dfbed4059a82a","12906","1","23262","2024-01-17 01:28:28+00","2024-01-17 01:28:28+00"
"207830","db34ba6fa9dd695b6f9e2453671e5dd3","12906","1","23262","2024-01-18 10:06:59+00","2024-01-18 10:06:59+00"
"207831","db34ba6fa9dd695b6f9e2453671e5dd3","12907","1","23262","2024-01-18 10:07:06+00","2024-01-18 10:07:06+00"
"208110","6b49e2a7d71f8d1d2514c605d888e8a1","12909","1","23262","2024-01-19 04:51:59+00","2024-01-19 04:51:59+00"
"208111","6b49e2a7d71f8d1d2514c605d888e8a1","12907","1","23262","2024-01-19 04:52:05+00","2024-01-19 04:52:05+00"
"208112","6b49e2a7d71f8d1d2514c605d888e8a1","12906","1","23262","2024-01-19 04:52:10+00","2024-01-19 04:52:10+00"
"208113","6b49e2a7d71f8d1d2514c605d888e8a1","12903","1","23262","2024-01-19 04:52:17+00","2024-01-19 04:52:17+00"
"208114","6b49e2a7d71f8d1d2514c605d888e8a1","12902","1","23262","2024-01-19 04:52:20+00","2024-01-19 04:52:20+00"
"208115","6b49e2a7d71f8d1d2514c605d888e8a1","12898","1","23262","2024-01-19 04:52:24+00","2024-01-19 04:52:24+00"
"208116","6b49e2a7d71f8d1d2514c605d888e8a1","12895","1","23262","2024-01-19 04:52:29+00","2024-01-19 04:52:29+00"
"208117","6b49e2a7d71f8d1d2514c605d888e8a1","12894","1","23262","2024-01-19 04:52:30+00","2024-01-19 04:52:30+00"
"208118","6b49e2a7d71f8d1d2514c605d888e8a1","12893","1","23262","2024-01-19 04:52:32+00","2024-01-19 04:52:32+00"
"208119","6b49e2a7d71f8d1d2514c605d888e8a1","12889","1","23262","2024-01-19 04:52:42+00","2024-01-19 04:52:42+00"
"208120","6b49e2a7d71f8d1d2514c605d888e8a1","12887","1","23262","2024-01-19 04:52:45+00","2024-01-19 04:52:45+00"
"208121","6b49e2a7d71f8d1d2514c605d888e8a1","12881","1","23262","2024-01-19 04:52:52+00","2024-01-19 04:52:52+00"
"208686","43d89e18530d4dd412d7a5548ac77409","12907","1","23262","2024-01-22 19:22:29+00","2024-01-22 19:22:29+00"
"208797","c59c20ac9c22539e4fc9e284a1db136a","12888","1","23262","2024-01-23 08:27:58+00","2024-01-23 08:27:58+00"
"209731","6b324f16f5c861113b81627f240893e7","12903","1","23262","2024-01-26 16:03:54+00","2024-01-26 16:03:54+00"
"209732","6b324f16f5c861113b81627f240893e7","12900","1","23262","2024-01-26 16:04:07+00","2024-01-26 16:04:07+00"
"209810","74d5effcc07b33472595ab27c819f79b","12909","1","23262","2024-01-27 03:50:09+00","2024-01-27 03:50:09+00"
"209811","74d5effcc07b33472595ab27c819f79b","12907","1","23262","2024-01-27 03:50:13+00","2024-01-27 03:50:13+00"
"209812","74d5effcc07b33472595ab27c819f79b","12898","1","23262","2024-01-27 03:50:40+00","2024-01-27 03:50:40+00"
"210191","e2b581e821803daf938162a103ef6052","26519","1","23262","2024-01-29 18:32:10+00","2024-01-29 18:32:10+00"
"210215","dd38a581ed56b9e6e8cb16042b578031","26519","1","23262","2024-01-29 20:32:55+00","2024-01-29 20:32:55+00"
"210216","dd38a581ed56b9e6e8cb16042b578031","12908","1","23262","2024-01-29 20:33:02+00","2024-01-29 20:33:02+00"
"210218","3a469a640b005f93b568e54752a4f5b1","12906","1","23262","2024-01-29 20:35:35+00","2024-01-29 20:35:35+00"
"210297","31d71108dba475e40cb0a98e80c4afdc","12884","1","23262","2024-01-30 08:42:04+00","2024-01-30 08:42:04+00"
"210351","f73b2c998c3c11a8b43b03478e4168a3","23861","1","23262","2024-01-30 15:11:57+00","2024-01-30 15:11:57+00"
"210352","f73b2c998c3c11a8b43b03478e4168a3","12907","1","23262","2024-01-30 15:12:14+00","2024-01-30 15:12:14+00"
"210353","f73b2c998c3c11a8b43b03478e4168a3","12905","-1","23262","2024-01-30 15:12:41+00","2024-01-30 15:12:41+00"
"210354","f73b2c998c3c11a8b43b03478e4168a3","12888","1","23262","2024-01-30 15:13:34+00","2024-01-30 15:13:34+00"
"210420","98386b71972e863a596f1e5c7d77df64","26519","1","23262","2024-01-30 21:39:28+00","2024-01-30 21:39:28+00"
"210421","98386b71972e863a596f1e5c7d77df64","12909","1","23262","2024-01-30 21:39:32+00","2024-01-30 21:39:32+00"
"210422","98386b71972e863a596f1e5c7d77df64","12907","1","23262","2024-01-30 21:39:43+00","2024-01-30 21:39:43+00"
"210976","3d00d1fddf105e28cee29634bc777cbb","23861","1","23262","2024-02-01 23:42:26+00","2024-02-01 23:42:26+00"
"210977","3d00d1fddf105e28cee29634bc777cbb","12907","1","23262","2024-02-01 23:42:37+00","2024-02-01 23:42:37+00"
"211363","18012f10568c4ddd1069e39ba0df9ad9","23861","1","23262","2024-02-04 17:25:49+00","2024-02-04 17:25:49+00"
"211364","18012f10568c4ddd1069e39ba0df9ad9","26519","1","23262","2024-02-04 17:25:50+00","2024-02-04 17:25:50+00"
"211365","18012f10568c4ddd1069e39ba0df9ad9","12909","1","23262","2024-02-04 17:25:52+00","2024-02-04 17:25:52+00"
"211366","18012f10568c4ddd1069e39ba0df9ad9","12907","1","23262","2024-02-04 17:26:00+00","2024-02-04 17:26:00+00"
"211367","18012f10568c4ddd1069e39ba0df9ad9","12906","-1","23262","2024-02-04 17:26:05+00","2024-02-04 17:26:05+00"
"211368","18012f10568c4ddd1069e39ba0df9ad9","12905","-1","23262","2024-02-04 17:26:07+00","2024-02-04 17:26:07+00"
"211369","18012f10568c4ddd1069e39ba0df9ad9","25266","1","23262","2024-02-04 17:26:21+00","2024-02-04 17:26:21+00"
"211370","18012f10568c4ddd1069e39ba0df9ad9","12902","1","23262","2024-02-04 17:26:29+00","2024-02-04 17:26:29+00"
"211371","18012f10568c4ddd1069e39ba0df9ad9","12888","1","23262","2024-02-04 17:26:53+00","2024-02-04 17:26:53+00"
"211372","7579b6281be28a45ea75ef22c79c907a","12907","1","23262","2024-02-04 17:37:55+00","2024-02-04 17:37:55+00"
"211374","77323bdb0716ae9503eaba017792ea26","26519","1","23262","2024-02-04 17:50:25+00","2024-02-04 17:50:25+00"
"211375","77323bdb0716ae9503eaba017792ea26","23861","1","23262","2024-02-04 17:50:31+00","2024-02-04 17:50:31+00"
"211376","77323bdb0716ae9503eaba017792ea26","12907","1","23262","2024-02-04 17:50:47+00","2024-02-04 17:50:47+00"
"211377","868e4bd9a22e78cc3ede73764b56d8f5","12906","1","23262","2024-02-04 18:05:49+00","2024-02-04 18:05:49+00"
"211378","868e4bd9a22e78cc3ede73764b56d8f5","12905","-1","23262","2024-02-04 18:05:52+00","2024-02-04 18:05:52+00"
"211379","868e4bd9a22e78cc3ede73764b56d8f5","12892","-1","23262","2024-02-04 18:06:12+00","2024-02-04 18:06:12+00"
"211386","7b2ab31d181878ac04c4bf08d5704564","25266","-1","23262","2024-02-04 19:21:51+00","2024-02-04 19:21:51+00"
"211387","7b2ab31d181878ac04c4bf08d5704564","12905","1","23262","2024-02-04 19:21:55+00","2024-02-04 19:21:55+00"
"211427","3d5e052c1d26eb28d43331ba5cb7c477","23861","1","23262","2024-02-04 23:20:21+00","2024-02-04 23:20:21+00"
"211471","2b4ae3378981eb4a42f46e24f129e440","12904","1","23262","2024-02-05 04:50:47+00","2024-02-05 04:50:47+00"
"211486","be2502d8fddfef844ee10440666b90a5","26519","1","23262","2024-02-05 09:49:31+00","2024-02-05 09:49:31+00"
"211487","2173d75832845771a11bc3987c01fc25","12898","1","23262","2024-02-05 10:38:02+00","2024-02-05 10:38:02+00"
"211490","bd0633b87cf218200a674817f042adcb","23861","1","23262","2024-02-05 13:32:26+00","2024-02-05 13:32:26+00"
"211563","b0955c9187d707f06c522d3af451258e","12907","1","23262","2024-02-06 13:47:38+00","2024-02-06 13:47:38+00"
"211564","b0955c9187d707f06c522d3af451258e","12894","1","23262","2024-02-06 13:48:14+00","2024-02-06 13:48:14+00"
"211565","b0955c9187d707f06c522d3af451258e","12893","1","23262","2024-02-06 13:48:24+00","2024-02-06 13:48:24+00"
"211566","b0955c9187d707f06c522d3af451258e","12889","-1","23262","2024-02-06 13:48:31+00","2024-02-06 13:48:31+00"
"211567","b0955c9187d707f06c522d3af451258e","12888","1","23262","2024-02-06 13:48:38+00","2024-02-06 13:48:38+00"
"211627","6129d785d4873a4a2f136191b3203873","26519","1","23262","2024-02-06 23:01:01+00","2024-02-06 23:01:01+00"
"211628","6129d785d4873a4a2f136191b3203873","12906","1","23262","2024-02-06 23:01:20+00","2024-02-06 23:01:20+00"
"211629","6129d785d4873a4a2f136191b3203873","12905","1","23262","2024-02-06 23:01:34+00","2024-02-06 23:01:34+00"
"211630","6129d785d4873a4a2f136191b3203873","12888","1","23262","2024-02-06 23:03:23+00","2024-02-06 23:03:23+00"
"211900","133b34b4efe17c61f2c09cd71a28db34","26519","1","23262","2024-02-11 11:10:09+00","2024-02-11 11:10:09+00"
"211901","133b34b4efe17c61f2c09cd71a28db34","12909","1","23262","2024-02-11 11:10:17+00","2024-02-11 11:10:17+00"
"212010","17fda26e500a3ad346d4662bcbaf67f4","26519","1","23262","2024-02-11 22:30:45+00","2024-02-11 22:30:45+00"
"212928","34960f7064ece13afad5548675607869","23861","1","23262","2024-02-16 10:20:29+00","2024-02-16 10:20:29+00"
"212929","34960f7064ece13afad5548675607869","12909","1","23262","2024-02-16 10:20:43+00","2024-02-16 10:20:43+00"
"212930","34960f7064ece13afad5548675607869","12907","1","23262","2024-02-16 10:20:49+00","2024-02-16 10:20:49+00"
"212931","34960f7064ece13afad5548675607869","26519","-1","23262","2024-02-16 10:20:54+00","2024-02-16 10:20:54+00"
"212932","34960f7064ece13afad5548675607869","12906","1","23262","2024-02-16 10:20:59+00","2024-02-16 10:20:59+00"
"212933","34960f7064ece13afad5548675607869","12905","1","23262","2024-02-16 10:21:05+00","2024-02-16 10:21:05+00"
"213977","f1d2a933479711ffd03ed29e1f33fe43","12905","1","23262","2024-02-29 15:22:26+00","2024-02-29 15:22:26+00"
"213978","f1d2a933479711ffd03ed29e1f33fe43","25266","-1","23262","2024-02-29 15:22:29+00","2024-02-29 15:22:29+00"
"213979","f1d2a933479711ffd03ed29e1f33fe43","12892","1","23262","2024-02-29 15:22:59+00","2024-02-29 15:22:59+00"
"215777","a9c721643d23b10127e177483f9629df","23861","1","23262","2024-03-11 00:18:48+00","2024-03-11 00:18:48+00"
"215994","adb53a330293826c1da49dba8b148566","26519","-1","23262","2024-03-12 11:22:18+00","2024-03-12 11:22:18+00"
"215995","adb53a330293826c1da49dba8b148566","12909","-1","23262","2024-03-12 11:22:21+00","2024-03-12 11:22:21+00"
"216396","104518f13d93795496313029ff126930","12878","1","23262","2024-03-15 19:27:35+00","2024-03-15 19:27:35+00"
"216817","11e45a6d1b8633b450bc94f6f7be4d41","26519","-1","23262","2024-03-20 01:31:05+00","2024-03-20 01:31:05+00"
"217460","52379ec64c44b7c4558c2ac2dabfde87","25266","1","23262","2024-03-28 12:09:32+00","2024-03-28 12:09:32+00"
"218032","597989ab60a2f37c50eabd0cc0faab0c","26519","-1","23262","2024-04-02 10:33:33+00","2024-04-02 10:33:33+00"
"218400","7022b13d0b8f24a93571cf124d902d13","23861","1","23262","2024-04-09 06:57:10+00","2024-04-09 06:57:10+00"
"218707","3eb06729622c894c4e14ebc40e89c8c505ed2d0ad250b7bbcf7570fac19de623","12888","1","23262","2024-04-12 23:04:56.959639+00","2024-04-12 14:04:56.959639+00"